line_follow_transfer: camera=320x240, timestep=32ms, log=D:\用户\Lenovo\桌面\Robocup\generated\manual_webots_logs_live\controller_20260419_220349.log
th=97 steer=-19.16 ex=5.750cm ang=37.75deg z=18.94cm tg=0.254 mode=1 conf=0.254 lost=0 L=2.953 R=2.247 expx=18.79 bmask=7 red=0.00 blk=0.00 bp=0.25 sym=-35.5 lock=0 cq=0.00
th=97 steer=-12.32 ex=4.080cm ang=38.85deg z=18.94cm tg=0.144 mode=0 conf=0.256 lost=0 L=2.827 R=2.373 expx=21.50 bmask=7 red=0.00 blk=0.00 bp=0.00 sym=0.0 lock=0 cq=0.00
th=95 steer=-10.33 ex=2.799cm ang=41.51deg z=18.94cm tg=0.725 mode=0 conf=0.259 lost=0 L=3.062 R=2.681 expx=14.75 bmask=7 red=0.00 blk=0.00 bp=0.00 sym=0.0 lock=0 cq=0.00
th=95 steer=-10.41 ex=1.566cm ang=44.06deg z=18.94cm tg=1.000 mode=1 conf=0.128 lost=0 L=3.407 R=3.023 expx=8.25 bmask=7 red=0.00 blk=0.00 bp=0.00 sym=0.0 lock=0 cq=0.00
th=99 steer=-7.23 ex=0.285cm ang=45.83deg z=19.24cm tg=1.000 mode=1 conf=0.121 lost=0 L=3.877 R=3.611 expx=1.50 bmask=7 red=0.00 blk=0.00 bp=0.00 sym=0.0 lock=0 cq=0.00
th=92 steer=-4.45 ex=-0.853cm ang=47.76deg z=19.71cm tg=1.000 mode=1 conf=0.110 lost=0 L=4.366 R=4.202 expx=-4.50 bmask=7 red=0.00 blk=0.00 bp=0.00 sym=0.0 lock=0 cq=0.00
th=120 steer=-10.97 ex=-2.371cm ang=23.36deg z=18.94cm tg=1.000 mode=1 conf=0.128 lost=0 L=4.420 R=4.016 expx=-12.50 bmask=7 red=0.00 blk=0.00 bp=0.00 sym=0.0 lock=0 cq=0.00
th=120 steer=-5.90 ex=-4.127cm ang=24.24deg z=18.94cm tg=1.000 mode=1 conf=0.128 lost=0 L=5.046 R=4.829 expx=-21.75 bmask=7 red=0.00 blk=0.00 bp=0.00 sym=0.0 lock=0 cq=0.00
th=120 steer=-2.72 ex=-5.692cm ang=25.50deg z=19.24cm tg=1.000 mode=1 conf=0.121 lost=0 L=5.369 R=5.269 expx=-30.00 bmask=7 red=0.00 blk=0.00 bp=0.00 sym=0.0 lock=0 cq=0.00
th=120 steer=-28.61 ex=12.952cm ang=28.93deg z=33.50cm tg=0.637 mode=0 conf=0.128 lost=0 L=3.874 R=2.821 expx=68.25 bmask=3 red=0.00 blk=0.00 bp=0.00 sym=0.0 lock=0 cq=0.00
th=120 steer=-26.10 ex=15.560cm ang=33.87deg z=33.50cm tg=0.480 mode=1 conf=0.144 lost=0 L=4.019 R=3.058 expx=50.85 bmask=3 red=0.00 blk=0.00 bp=0.08 sym=63.8 lock=0 cq=0.00
th=120 steer=-19.47 ex=10.139cm ang=36.48deg z=33.50cm tg=0.306 mode=1 conf=0.198 lost=0 L=4.495 R=3.779 expx=33.13 bmask=3 red=0.00 blk=0.00 bp=0.67 sym=53.2 lock=0 cq=0.17
th=120 steer=-7.85 ex=1.662cm ang=38.15deg z=34.59cm tg=0.525 mode=0 conf=0.105 lost=0 L=5.073 R=4.784 expx=8.75 bmask=3 red=0.00 blk=0.00 bp=0.00 sym=0.0 lock=0 cq=0.00
th=120 steer=-0.51 ex=-2.513cm ang=39.83deg z=35.48cm tg=1.000 mode=1 conf=0.087 lost=0 L=5.497 R=5.479 expx=-13.25 bmask=3 red=0.00 blk=0.00 bp=0.00 sym=0.0 lock=0 cq=0.00
th=120 steer=6.65 ex=-5.929cm ang=38.71deg z=35.93cm tg=1.000 mode=1 conf=0.078 lost=0 L=4.898 R=5.142 expx=-31.25 bmask=3 red=0.00 blk=0.00 bp=0.00 sym=0.0 lock=0 cq=0.00
th=120 steer=5.70 ex=-6.925cm ang=38.14deg z=35.93cm tg=1.000 mode=1 conf=0.078 lost=0 L=4.987 R=5.197 expx=-36.50 bmask=3 red=0.00 blk=0.00 bp=0.00 sym=0.0 lock=0 cq=0.00
th=120 steer=0.71 ex=-7.821cm ang=37.10deg z=35.93cm tg=1.000 mode=1 conf=0.078 lost=0 L=5.459 R=5.485 expx=-25.55 bmask=3 red=0.00 blk=0.00 bp=0.08 sym=129.8 lock=0 cq=0.00
th=120 steer=17.21 ex=-3.565cm ang=-76.16deg z=56.97cm tg=0.868 mode=1 conf=0.128 lost=0 L=3.899 R=4.533 expx=-11.65 bmask=1 red=0.00 blk=0.00 bp=0.17 sym=128.8 lock=0 cq=0.00
th=120 steer=-23.43 ex=15.068cm ang=-72.77deg z=56.97cm tg=0.474 mode=1 conf=0.128 lost=0 L=4.173 R=3.311 expx=49.24 bmask=1 red=0.00 blk=0.00 bp=0.25 sym=126.0 lock=0 cq=0.00
th=120 steer=-22.27 ex=13.913cm ang=4.62deg z=56.97cm tg=0.461 mode=1 conf=0.128 lost=0 L=4.241 R=3.421 expx=45.46 bmask=1 red=0.00 blk=0.00 bp=0.42 sym=120.0 lock=0 cq=0.00
th=120 steer=-43.52 ex=47.111cm ang=0.00deg z=56.97cm tg=0.253 mode=1 conf=0.128 lost=0 L=3.401 R=1.799 expx=153.94 bmask=1 red=0.00 blk=0.00 bp=0.42 sym=113.0 lock=0 cq=0.00
th=120 steer=-31.51 ex=22.500cm ang=42.09deg z=57.74cm tg=0.157 mode=1 conf=0.259 lost=0 L=3.779 R=2.619 expx=73.52 bmask=1 red=0.00 blk=0.00 bp=0.67 sym=95.5 lock=0 cq=0.17
th=120 steer=-29.75 ex=18.102cm ang=53.92deg z=58.92cm tg=0.170 mode=1 conf=0.208 lost=0 L=3.937 R=2.843 expx=59.15 bmask=1 red=0.00 blk=0.00 bp=0.75 sym=80.8 lock=0 cq=0.29
th=120 steer=-12.83 ex=6.582cm ang=55.49deg z=55.84cm tg=0.375 mode=1 conf=0.139 lost=0 L=5.039 R=4.567 expx=21.51 bmask=1 red=0.00 blk=0.00 bp=0.83 sym=65.1 lock=0 cq=0.41
th=120 steer=-7.45 ex=1.078cm ang=56.31deg z=58.52cm tg=0.301 mode=1 conf=0.096 lost=0 L=5.096 R=4.822 expx=3.52 bmask=1 red=0.00 blk=0.00 bp=0.42 sym=52.2 lock=0 cq=0.00
th=120 steer=4.73 ex=-3.214cm ang=55.29deg z=58.52cm tg=1.000 mode=1 conf=0.000 lost=3 L=4.666 R=4.840 expx=-16.50 bmask=1 red=0.00 blk=0.00 bp=0.00 sym=0.0 lock=0 cq=0.00
th=120 steer=11.00 ex=-3.214cm ang=55.29deg z=58.52cm tg=1.000 mode=1 conf=0.000 lost=11 L=4.111 R=4.516 expx=-16.50 bmask=1 red=0.00 blk=0.00 bp=0.00 sym=0.0 lock=0 cq=0.00
th=120 steer=11.00 ex=-3.214cm ang=55.29deg z=58.52cm tg=1.000 mode=1 conf=0.000 lost=19 L=4.111 R=4.516 expx=-16.50 bmask=1 red=0.00 blk=0.00 bp=0.00 sym=0.0 lock=0 cq=0.00
th=120 steer=11.00 ex=-3.214cm ang=55.29deg z=58.52cm tg=1.000 mode=1 conf=0.000 lost=27 L=4.111 R=4.516 expx=-16.50 bmask=1 red=0.00 blk=0.00 bp=0.00 sym=0.0 lock=0 cq=0.00
th=120 steer=11.00 ex=-3.214cm ang=55.29deg z=58.52cm tg=1.000 mode=1 conf=0.000 lost=35 L=4.111 R=4.516 expx=-16.50 bmask=1 red=0.00 blk=0.00 bp=0.00 sym=0.0 lock=0 cq=0.00
th=120 steer=11.00 ex=-3.214cm ang=55.29deg z=58.52cm tg=1.000 mode=1 conf=0.000 lost=43 L=4.111 R=4.516 expx=-16.50 bmask=1 red=0.00 blk=0.00 bp=0.00 sym=0.0 lock=0 cq=0.00
th=120 steer=11.00 ex=-3.214cm ang=55.29deg z=58.52cm tg=1.000 mode=1 conf=0.000 lost=51 L=4.111 R=4.516 expx=-16.50 bmask=1 red=0.00 blk=0.00 bp=0.00 sym=0.0 lock=0 cq=0.00
th=120 steer=11.00 ex=-3.214cm ang=55.29deg z=58.52cm tg=1.000 mode=1 conf=0.000 lost=59 L=4.111 R=4.516 expx=-16.50 bmask=1 red=0.00 blk=0.00 bp=0.00 sym=0.0 lock=0 cq=0.00
th=120 steer=11.00 ex=-3.214cm ang=55.29deg z=58.52cm tg=1.000 mode=1 conf=0.000 lost=67 L=4.111 R=4.516 expx=-16.50 bmask=1 red=0.00 blk=0.00 bp=0.00 sym=0.0 lock=0 cq=0.00
th=120 steer=11.00 ex=-3.214cm ang=55.29deg z=58.52cm tg=1.000 mode=1 conf=0.000 lost=75 L=4.111 R=4.516 expx=-16.50 bmask=1 red=0.00 blk=0.00 bp=0.00 sym=0.0 lock=0 cq=0.00
th=120 steer=11.00 ex=-3.214cm ang=55.29deg z=58.52cm tg=1.000 mode=1 conf=0.000 lost=83 L=4.111 R=4.516 expx=-16.50 bmask=1 red=0.00 blk=0.00 bp=0.00 sym=0.0 lock=0 cq=0.00
th=120 steer=11.00 ex=-3.214cm ang=55.29deg z=58.52cm tg=1.000 mode=1 conf=0.000 lost=91 L=4.111 R=4.516 expx=-16.50 bmask=1 red=0.00 blk=0.00 bp=0.00 sym=0.0 lock=0 cq=0.00
th=120 steer=11.00 ex=-3.214cm ang=55.29deg z=58.52cm tg=1.000 mode=1 conf=0.000 lost=99 L=4.111 R=4.516 expx=-16.50 bmask=1 red=0.00 blk=0.00 bp=0.00 sym=0.0 lock=0 cq=0.00
th=120 steer=11.00 ex=-3.214cm ang=55.29deg z=58.52cm tg=1.000 mode=1 conf=0.000 lost=107 L=4.111 R=4.516 expx=-16.50 bmask=1 red=0.00 blk=0.00 bp=0.00 sym=0.0 lock=0 cq=0.00
th=120 steer=11.00 ex=-3.214cm ang=55.29deg z=58.52cm tg=1.000 mode=1 conf=0.000 lost=115 L=4.111 R=4.516 expx=-16.50 bmask=1 red=0.00 blk=0.00 bp=0.00 sym=0.0 lock=0 cq=0.00
th=120 steer=11.00 ex=-3.214cm ang=55.29deg z=58.52cm tg=1.000 mode=1 conf=0.000 lost=123 L=4.111 R=4.516 expx=-16.50 bmask=1 red=0.00 blk=0.00 bp=0.00 sym=0.0 lock=0 cq=0.00
th=120 steer=11.00 ex=-3.214cm ang=55.29deg z=58.52cm tg=1.000 mode=1 conf=0.000 lost=131 L=4.111 R=4.516 expx=-16.50 bmask=1 red=0.00 blk=0.00 bp=0.00 sym=0.0 lock=0 cq=0.00
th=120 steer=11.00 ex=-3.214cm ang=55.29deg z=58.52cm tg=1.000 mode=1 conf=0.000 lost=139 L=4.111 R=4.516 expx=-16.50 bmask=1 red=0.00 blk=0.00 bp=0.00 sym=0.0 lock=0 cq=0.00
th=120 steer=11.00 ex=-3.214cm ang=55.29deg z=58.52cm tg=1.000 mode=1 conf=0.000 lost=147 L=4.111 R=4.516 expx=-16.50 bmask=1 red=0.00 blk=0.00 bp=0.00 sym=0.0 lock=0 cq=0.00
th=120 steer=11.00 ex=-3.214cm ang=55.29deg z=58.52cm tg=1.000 mode=1 conf=0.000 lost=155 L=4.111 R=4.516 expx=-16.50 bmask=1 red=0.00 blk=0.00 bp=0.00 sym=0.0 lock=0 cq=0.00
th=120 steer=11.00 ex=-3.214cm ang=55.29deg z=58.52cm tg=1.000 mode=1 conf=0.000 lost=163 L=4.111 R=4.516 expx=-16.50 bmask=1 red=0.00 blk=0.00 bp=0.00 sym=0.0 lock=0 cq=0.00
th=120 steer=11.00 ex=-3.214cm ang=55.29deg z=58.52cm tg=1.000 mode=1 conf=0.000 lost=171 L=4.111 R=4.516 expx=-16.50 bmask=1 red=0.00 blk=0.00 bp=0.00 sym=0.0 lock=0 cq=0.00
th=120 steer=11.00 ex=-3.214cm ang=55.29deg z=58.52cm tg=1.000 mode=1 conf=0.000 lost=179 L=4.111 R=4.516 expx=-16.50 bmask=1 red=0.00 blk=0.00 bp=0.00 sym=0.0 lock=0 cq=0.00
th=120 steer=11.00 ex=-3.214cm ang=55.29deg z=58.52cm tg=1.000 mode=1 conf=0.000 lost=187 L=4.111 R=4.516 expx=-16.50 bmask=1 red=0.00 blk=0.00 bp=0.00 sym=0.0 lock=0 cq=0.00
th=120 steer=11.00 ex=-3.214cm ang=55.29deg z=58.52cm tg=1.000 mode=1 conf=0.000 lost=195 L=4.111 R=4.516 expx=-16.50 bmask=1 red=0.00 blk=0.00 bp=0.00 sym=0.0 lock=0 cq=0.00
th=120 steer=11.00 ex=-3.214cm ang=55.29deg z=58.52cm tg=1.000 mode=1 conf=0.000 lost=203 L=4.111 R=4.516 expx=-16.50 bmask=1 red=0.00 blk=0.00 bp=0.00 sym=0.0 lock=0 cq=0.00
th=120 steer=11.00 ex=-3.214cm ang=55.29deg z=58.52cm tg=1.000 mode=1 conf=0.000 lost=211 L=4.111 R=4.516 expx=-16.50 bmask=1 red=0.00 blk=0.00 bp=0.00 sym=0.0 lock=0 cq=0.00
th=120 steer=11.00 ex=-3.214cm ang=55.29deg z=58.52cm tg=1.000 mode=1 conf=0.000 lost=219 L=4.111 R=4.516 expx=-16.50 bmask=1 red=0.00 blk=0.00 bp=0.00 sym=0.0 lock=0 cq=0.00
th=120 steer=11.00 ex=-3.214cm ang=55.29deg z=58.52cm tg=1.000 mode=1 conf=0.000 lost=227 L=4.111 R=4.516 expx=-16.50 bmask=1 red=0.00 blk=0.00 bp=0.00 sym=0.0 lock=0 cq=0.00
th=120 steer=11.00 ex=-3.214cm ang=55.29deg z=58.52cm tg=1.000 mode=1 conf=0.000 lost=235 L=4.111 R=4.516 expx=-16.50 bmask=1 red=0.00 blk=0.00 bp=0.00 sym=0.0 lock=0 cq=0.00
th=120 steer=11.00 ex=-3.214cm ang=55.29deg z=58.52cm tg=1.000 mode=1 conf=0.000 lost=243 L=4.111 R=4.516 expx=-16.50 bmask=1 red=0.00 blk=0.00 bp=0.00 sym=0.0 lock=0 cq=0.00
th=120 steer=11.00 ex=-3.214cm ang=55.29deg z=58.52cm tg=1.000 mode=1 conf=0.000 lost=251 L=4.111 R=4.516 expx=-16.50 bmask=1 red=0.00 blk=0.00 bp=0.00 sym=0.0 lock=0 cq=0.00
th=120 steer=11.00 ex=-3.214cm ang=55.29deg z=58.52cm tg=1.000 mode=1 conf=0.000 lost=259 L=4.111 R=4.516 expx=-16.50 bmask=1 red=0.00 blk=0.00 bp=0.00 sym=0.0 lock=0 cq=0.00
th=120 steer=11.00 ex=-3.214cm ang=55.29deg z=58.52cm tg=1.000 mode=1 conf=0.000 lost=267 L=4.111 R=4.516 expx=-16.50 bmask=1 red=0.00 blk=0.00 bp=0.00 sym=0.0 lock=0 cq=0.00
th=120 steer=11.00 ex=-3.214cm ang=55.29deg z=58.52cm tg=1.000 mode=1 conf=0.000 lost=275 L=4.111 R=4.516 expx=-16.50 bmask=1 red=0.00 blk=0.00 bp=0.00 sym=0.0 lock=0 cq=0.00
th=120 steer=11.00 ex=-3.214cm ang=55.29deg z=58.52cm tg=1.000 mode=1 conf=0.000 lost=283 L=4.111 R=4.516 expx=-16.50 bmask=1 red=0.00 blk=0.00 bp=0.00 sym=0.0 lock=0 cq=0.00
th=120 steer=-29.77 ex=12.287cm ang=-12.79deg z=55.47cm tg=1.000 mode=1 conf=0.000 lost=3 L=3.547 R=2.451 expx=66.50 bmask=1 red=0.00 blk=0.00 bp=0.00 sym=0.0 lock=0 cq=0.00
th=120 steer=11.00 ex=12.287cm ang=-12.79deg z=55.47cm tg=1.000 mode=1 conf=0.000 lost=11 L=4.111 R=4.516 expx=66.50 bmask=1 red=0.00 blk=0.00 bp=0.00 sym=0.0 lock=0 cq=0.00
th=120 steer=-27.82 ex=7.489cm ang=75.24deg z=55.47cm tg=0.000 mode=1 conf=0.096 lost=0 L=3.920 R=2.897 expx=40.50 bmask=1 red=0.00 blk=0.00 bp=0.00 sym=0.0 lock=0 cq=0.00
th=120 steer=-0.61 ex=-1.916cm ang=79.98deg z=57.74cm tg=0.000 mode=1 conf=0.112 lost=0 L=5.491 R=5.469 expx=-10.00 bmask=1 red=0.00 blk=0.00 bp=0.00 sym=0.0 lock=0 cq=0.00
th=120 steer=2.65 ex=-3.404cm ang=79.86deg z=58.52cm tg=1.000 mode=1 conf=0.000 lost=6 L=4.850 R=4.947 expx=-17.50 bmask=1 red=0.00 blk=0.00 bp=0.00 sym=0.0 lock=0 cq=0.00
th=120 steer=11.00 ex=-3.404cm ang=79.86deg z=58.52cm tg=1.000 mode=1 conf=0.000 lost=14 L=4.111 R=4.516 expx=-17.50 bmask=1 red=0.00 blk=0.00 bp=0.00 sym=0.0 lock=0 cq=0.00
th=120 steer=11.00 ex=-3.404cm ang=79.86deg z=58.52cm tg=1.000 mode=1 conf=0.000 lost=22 L=4.155 R=4.560 expx=-17.50 bmask=1 red=0.00 blk=0.00 bp=0.33 sym=18.9 lock=0 cq=0.07
th=120 steer=11.00 ex=-3.404cm ang=79.86deg z=58.52cm tg=1.000 mode=1 conf=0.000 lost=30 L=4.111 R=4.516 expx=-17.50 bmask=1 red=0.00 blk=0.00 bp=0.00 sym=0.0 lock=0 cq=0.00
th=120 steer=11.00 ex=-3.404cm ang=79.86deg z=58.52cm tg=1.000 mode=1 conf=0.000 lost=38 L=4.111 R=4.516 expx=-17.50 bmask=1 red=0.00 blk=0.00 bp=0.00 sym=0.0 lock=0 cq=0.00
th=120 steer=11.00 ex=-3.404cm ang=79.86deg z=58.52cm tg=1.000 mode=1 conf=0.000 lost=46 L=4.111 R=4.516 expx=-17.50 bmask=1 red=0.00 blk=0.00 bp=0.00 sym=0.0 lock=0 cq=0.00
th=115 steer=11.00 ex=-3.404cm ang=79.86deg z=58.52cm tg=1.000 mode=1 conf=0.000 lost=54 L=4.111 R=4.516 expx=-17.50 bmask=1 red=0.00 blk=0.00 bp=0.00 sym=0.0 lock=0 cq=0.00
th=120 steer=11.00 ex=-3.404cm ang=79.86deg z=58.52cm tg=1.000 mode=1 conf=0.000 lost=62 L=4.111 R=4.516 expx=-17.50 bmask=1 red=0.00 blk=0.00 bp=0.00 sym=0.0 lock=0 cq=0.00
th=119 steer=11.00 ex=-3.404cm ang=79.86deg z=58.52cm tg=1.000 mode=1 conf=0.000 lost=70 L=4.111 R=4.516 expx=-17.50 bmask=1 red=0.00 blk=0.00 bp=0.00 sym=0.0 lock=0 cq=0.00
th=115 steer=11.00 ex=-3.404cm ang=79.86deg z=58.52cm tg=1.000 mode=1 conf=0.000 lost=78 L=4.111 R=4.516 expx=-17.50 bmask=1 red=0.00 blk=0.00 bp=0.00 sym=0.0 lock=0 cq=0.00
th=115 steer=11.00 ex=-3.404cm ang=79.86deg z=58.52cm tg=1.000 mode=1 conf=0.000 lost=86 L=4.111 R=4.516 expx=-17.50 bmask=1 red=0.00 blk=0.00 bp=0.00 sym=0.0 lock=0 cq=0.00
th=115 steer=11.00 ex=-3.404cm ang=79.86deg z=58.52cm tg=1.000 mode=1 conf=0.000 lost=94 L=4.111 R=4.516 expx=-17.50 bmask=1 red=0.00 blk=0.00 bp=0.00 sym=0.0 lock=0 cq=0.00
th=115 steer=11.00 ex=-3.404cm ang=79.86deg z=58.52cm tg=1.000 mode=1 conf=0.000 lost=102 L=4.111 R=4.516 expx=-17.50 bmask=1 red=0.00 blk=0.00 bp=0.00 sym=0.0 lock=0 cq=0.00
th=115 steer=11.00 ex=-3.404cm ang=79.86deg z=58.52cm tg=1.000 mode=1 conf=0.000 lost=110 L=4.111 R=4.516 expx=-17.50 bmask=1 red=0.00 blk=0.00 bp=0.00 sym=0.0 lock=0 cq=0.00
th=115 steer=11.00 ex=-3.404cm ang=79.86deg z=58.52cm tg=1.000 mode=1 conf=0.000 lost=118 L=4.111 R=4.516 expx=-17.50 bmask=1 red=0.00 blk=0.00 bp=0.00 sym=0.0 lock=0 cq=0.00
th=115 steer=11.00 ex=-3.404cm ang=79.86deg z=58.52cm tg=1.000 mode=1 conf=0.000 lost=126 L=4.111 R=4.516 expx=-17.50 bmask=1 red=0.00 blk=0.00 bp=0.00 sym=0.0 lock=0 cq=0.00
th=115 steer=11.00 ex=-3.404cm ang=79.86deg z=58.52cm tg=1.000 mode=1 conf=0.000 lost=134 L=4.111 R=4.516 expx=-17.50 bmask=1 red=0.00 blk=0.00 bp=0.00 sym=0.0 lock=0 cq=0.00
th=115 steer=11.00 ex=-3.404cm ang=79.86deg z=58.52cm tg=1.000 mode=1 conf=0.000 lost=142 L=4.111 R=4.516 expx=-17.50 bmask=1 red=0.00 blk=0.00 bp=0.00 sym=0.0 lock=0 cq=0.00
th=115 steer=11.00 ex=-3.404cm ang=79.86deg z=58.52cm tg=1.000 mode=1 conf=0.000 lost=150 L=4.111 R=4.516 expx=-17.50 bmask=1 red=0.00 blk=0.00 bp=0.00 sym=0.0 lock=0 cq=0.00
th=115 steer=11.00 ex=-3.404cm ang=79.86deg z=58.52cm tg=1.000 mode=1 conf=0.000 lost=158 L=4.111 R=4.516 expx=-17.50 bmask=1 red=0.00 blk=0.00 bp=0.00 sym=0.0 lock=0 cq=0.00
th=115 steer=11.00 ex=-3.404cm ang=79.86deg z=58.52cm tg=1.000 mode=1 conf=0.000 lost=166 L=4.111 R=4.516 expx=-17.50 bmask=1 red=0.00 blk=0.00 bp=0.00 sym=0.0 lock=0 cq=0.00
th=28 steer=11.00 ex=-3.404cm ang=79.86deg z=58.52cm tg=1.000 mode=1 conf=0.000 lost=174 L=4.111 R=4.516 expx=-17.50 bmask=1 red=0.00 blk=0.00 bp=0.00 sym=0.0 lock=0 cq=0.00
th=115 steer=11.00 ex=-3.404cm ang=79.86deg z=58.52cm tg=1.000 mode=1 conf=0.000 lost=182 L=4.111 R=4.516 expx=-17.50 bmask=1 red=0.00 blk=0.00 bp=0.00 sym=0.0 lock=0 cq=0.00
th=115 steer=11.00 ex=-3.404cm ang=79.86deg z=58.52cm tg=1.000 mode=1 conf=0.000 lost=190 L=4.111 R=4.516 expx=-17.50 bmask=1 red=0.00 blk=0.00 bp=0.00 sym=0.0 lock=0 cq=0.00
th=115 steer=11.00 ex=-3.404cm ang=79.86deg z=58.52cm tg=1.000 mode=1 conf=0.000 lost=198 L=4.111 R=4.516 expx=-17.50 bmask=1 red=0.00 blk=0.00 bp=0.00 sym=0.0 lock=0 cq=0.00
th=115 steer=11.00 ex=-3.404cm ang=79.86deg z=58.52cm tg=1.000 mode=1 conf=0.000 lost=206 L=4.111 R=4.516 expx=-17.50 bmask=1 red=0.00 blk=0.00 bp=0.00 sym=0.0 lock=0 cq=0.00
th=115 steer=11.00 ex=-3.404cm ang=79.86deg z=58.52cm tg=1.000 mode=1 conf=0.000 lost=214 L=4.111 R=4.516 expx=-17.50 bmask=1 red=0.00 blk=0.00 bp=0.00 sym=0.0 lock=0 cq=0.00
th=115 steer=11.00 ex=-3.404cm ang=79.86deg z=58.52cm tg=1.000 mode=1 conf=0.000 lost=222 L=4.111 R=4.516 expx=-17.50 bmask=1 red=0.00 blk=0.00 bp=0.00 sym=0.0 lock=0 cq=0.00
th=115 steer=11.00 ex=-3.404cm ang=79.86deg z=58.52cm tg=1.000 mode=1 conf=0.000 lost=230 L=4.111 R=4.516 expx=-17.50 bmask=1 red=0.00 blk=0.00 bp=0.00 sym=0.0 lock=0 cq=0.00
th=115 steer=11.00 ex=-3.404cm ang=79.86deg z=58.52cm tg=1.000 mode=1 conf=0.000 lost=238 L=4.111 R=4.516 expx=-17.50 bmask=1 red=0.00 blk=0.00 bp=0.00 sym=0.0 lock=0 cq=0.00
th=120 steer=11.00 ex=-3.404cm ang=79.86deg z=58.52cm tg=1.000 mode=1 conf=0.000 lost=246 L=4.111 R=4.516 expx=-17.50 bmask=1 red=0.00 blk=0.00 bp=0.00 sym=0.0 lock=0 cq=0.00
th=120 steer=11.00 ex=-3.404cm ang=79.86deg z=58.52cm tg=1.000 mode=1 conf=0.000 lost=254 L=4.111 R=4.516 expx=-17.50 bmask=1 red=0.00 blk=0.00 bp=0.00 sym=0.0 lock=0 cq=0.00
th=120 steer=11.00 ex=-3.404cm ang=79.86deg z=58.52cm tg=1.000 mode=1 conf=0.000 lost=262 L=4.111 R=4.516 expx=-17.50 bmask=1 red=0.00 blk=0.00 bp=0.00 sym=0.0 lock=0 cq=0.00
th=120 steer=11.00 ex=-3.404cm ang=79.86deg z=58.52cm tg=1.000 mode=1 conf=0.000 lost=270 L=4.111 R=4.516 expx=-17.50 bmask=1 red=0.00 blk=0.00 bp=0.00 sym=0.0 lock=0 cq=0.00
th=120 steer=11.00 ex=-3.404cm ang=79.86deg z=58.52cm tg=1.000 mode=1 conf=0.000 lost=278 L=4.111 R=4.516 expx=-17.50 bmask=1 red=0.00 blk=0.00 bp=0.00 sym=0.0 lock=0 cq=0.00
th=120 steer=11.00 ex=-3.404cm ang=79.86deg z=58.52cm tg=1.000 mode=1 conf=0.000 lost=286 L=4.111 R=4.516 expx=-17.50 bmask=1 red=0.00 blk=0.00 bp=0.00 sym=0.0 lock=0 cq=0.00
th=120 steer=11.00 ex=-3.404cm ang=79.86deg z=58.52cm tg=1.000 mode=1 conf=0.000 lost=294 L=4.111 R=4.516 expx=-17.50 bmask=1 red=0.00 blk=0.00 bp=0.00 sym=0.0 lock=0 cq=0.00
th=120 steer=11.00 ex=-3.404cm ang=79.86deg z=58.52cm tg=1.000 mode=1 conf=0.000 lost=302 L=4.111 R=4.516 expx=-17.50 bmask=1 red=0.00 blk=0.00 bp=0.00 sym=0.0 lock=0 cq=0.00
th=120 steer=11.00 ex=-3.404cm ang=79.86deg z=58.52cm tg=1.000 mode=1 conf=0.000 lost=310 L=4.111 R=4.516 expx=-17.50 bmask=1 red=0.00 blk=0.00 bp=0.00 sym=0.0 lock=0 cq=0.00
th=120 steer=11.00 ex=-3.404cm ang=79.86deg z=58.52cm tg=1.000 mode=1 conf=0.000 lost=318 L=4.111 R=4.516 expx=-17.50 bmask=1 red=0.00 blk=0.00 bp=0.00 sym=0.0 lock=0 cq=0.00
th=120 steer=11.00 ex=-3.404cm ang=79.86deg z=58.52cm tg=1.000 mode=1 conf=0.000 lost=326 L=4.111 R=4.516 expx=-17.50 bmask=1 red=0.00 blk=0.00 bp=0.00 sym=0.0 lock=0 cq=0.00
th=120 steer=11.00 ex=-3.404cm ang=79.86deg z=58.52cm tg=1.000 mode=1 conf=0.000 lost=334 L=4.111 R=4.516 expx=-17.50 bmask=1 red=0.00 blk=0.00 bp=0.00 sym=0.0 lock=0 cq=0.00
th=120 steer=11.00 ex=-3.404cm ang=79.86deg z=58.52cm tg=1.000 mode=1 conf=0.000 lost=342 L=4.111 R=4.516 expx=-17.50 bmask=1 red=0.00 blk=0.00 bp=0.00 sym=0.0 lock=0 cq=0.00
th=120 steer=11.00 ex=-3.404cm ang=79.86deg z=58.52cm tg=1.000 mode=1 conf=0.000 lost=350 L=4.111 R=4.516 expx=-17.50 bmask=1 red=0.00 blk=0.00 bp=0.00 sym=0.0 lock=0 cq=0.00
th=120 steer=11.00 ex=-3.404cm ang=79.86deg z=58.52cm tg=1.000 mode=1 conf=0.000 lost=358 L=4.111 R=4.516 expx=-17.50 bmask=1 red=0.00 blk=0.00 bp=0.00 sym=0.0 lock=0 cq=0.00
th=120 steer=11.00 ex=-3.404cm ang=79.86deg z=58.52cm tg=1.000 mode=1 conf=0.000 lost=366 L=4.111 R=4.516 expx=-17.50 bmask=1 red=0.00 blk=0.00 bp=0.00 sym=0.0 lock=0 cq=0.00
th=120 steer=11.00 ex=-3.404cm ang=79.86deg z=58.52cm tg=1.000 mode=1 conf=0.000 lost=374 L=4.111 R=4.516 expx=-17.50 bmask=1 red=0.00 blk=0.00 bp=0.00 sym=0.0 lock=0 cq=0.00
th=120 steer=11.00 ex=-3.404cm ang=79.86deg z=58.52cm tg=1.000 mode=1 conf=0.000 lost=382 L=4.111 R=4.516 expx=-17.50 bmask=1 red=0.00 blk=0.00 bp=0.00 sym=0.0 lock=0 cq=0.00
th=120 steer=29.05 ex=-7.851cm ang=-34.73deg z=18.94cm tg=1.000 mode=1 conf=0.272 lost=0 L=2.780 R=3.849 expx=-71.86 bmask=6 red=0.00 blk=0.00 bp=0.00 sym=0.0 lock=0 cq=0.00
th=120 steer=42.02 ex=-24.009cm ang=-19.03deg z=33.50cm tg=1.000 mode=1 conf=0.080 lost=0 L=1.827 R=3.373 expx=-128.00 bmask=3 red=0.00 blk=0.00 bp=0.00 sym=0.0 lock=0 cq=0.00
th=120 steer=38.73 ex=-22.991cm ang=-43.83deg z=18.94cm tg=1.000 mode=1 conf=0.197 lost=0 L=1.887 R=3.313 expx=-114.00 bmask=7 red=0.00 blk=0.00 bp=0.00 sym=0.0 lock=0 cq=0.00
th=120 steer=-26.94 ex=6.859cm ang=-47.31deg z=18.94cm tg=1.000 mode=1 conf=0.231 lost=0 L=3.971 R=2.979 expx=34.25 bmask=5 red=0.00 blk=0.00 bp=0.00 sym=0.0 lock=0 cq=0.00
th=120 steer=-17.83 ex=7.307cm ang=-41.62deg z=18.94cm tg=1.000 mode=1 conf=0.199 lost=0 L=4.497 R=3.840 expx=38.25 bmask=7 red=0.00 blk=0.00 bp=0.00 sym=0.0 lock=0 cq=0.00
th=120 steer=-20.69 ex=7.398cm ang=-28.40deg z=18.94cm tg=1.000 mode=1 conf=0.237 lost=0 L=4.332 R=3.571 expx=39.25 bmask=7 red=0.00 blk=0.00 bp=0.00 sym=0.0 lock=0 cq=0.00
th=120 steer=-15.36 ex=6.826cm ang=-24.30deg z=18.94cm tg=0.744 mode=0 conf=0.231 lost=0 L=4.640 R=4.075 expx=35.75 bmask=7 red=0.00 blk=0.00 bp=0.00 sym=0.0 lock=0 cq=0.00
th=120 steer=-12.41 ex=6.133cm ang=-21.52deg z=18.94cm tg=0.375 mode=0 conf=0.227 lost=0 L=4.810 R=4.353 expx=31.25 bmask=7 red=0.00 blk=0.00 bp=0.00 sym=0.0 lock=0 cq=0.00
th=120 steer=-18.62 ex=6.217cm ang=-21.79deg z=18.94cm tg=1.000 mode=1 conf=0.000 lost=1 L=4.123 R=3.438 expx=31.25 bmask=7 red=0.00 blk=0.00 bp=0.00 sym=0.0 lock=0 cq=0.00
th=120 steer=-13.91 ex=5.991cm ang=-10.26deg z=18.94cm tg=1.000 mode=1 conf=0.000 lost=3 L=4.366 R=3.854 expx=31.75 bmask=7 red=0.00 blk=0.00 bp=0.00 sym=0.0 lock=0 cq=0.00
th=120 steer=-11.17 ex=5.228cm ang=-7.31deg z=18.94cm tg=1.000 mode=1 conf=0.000 lost=3 L=4.507 R=4.096 expx=25.75 bmask=7 red=0.00 blk=0.00 bp=0.00 sym=0.0 lock=0 cq=0.00
th=120 steer=-11.89 ex=5.092cm ang=-3.99deg z=18.94cm tg=1.000 mode=1 conf=0.000 lost=5 L=4.470 R=4.032 expx=25.25 bmask=7 red=0.00 blk=0.00 bp=0.00 sym=0.0 lock=0 cq=0.00
th=120 steer=-20.76 ex=6.543cm ang=-0.52deg z=18.94cm tg=1.000 mode=1 conf=0.093 lost=0 L=4.328 R=3.564 expx=34.25 bmask=7 red=0.00 blk=0.00 bp=0.00 sym=0.0 lock=0 cq=0.00
th=120 steer=-15.37 ex=5.588cm ang=4.81deg z=18.94cm tg=1.000 mode=1 conf=0.000 lost=1 L=4.290 R=3.725 expx=29.25 bmask=7 red=0.00 blk=0.00 bp=0.00 sym=0.0 lock=0 cq=0.00
th=120 steer=-12.56 ex=4.591cm ang=6.93deg z=19.24cm tg=1.000 mode=1 conf=0.000 lost=3 L=4.435 R=3.973 expx=23.25 bmask=7 red=0.00 blk=0.00 bp=0.00 sym=0.0 lock=0 cq=0.00
th=120 steer=11.00 ex=4.591cm ang=6.93deg z=19.24cm tg=1.000 mode=1 conf=0.000 lost=11 L=4.111 R=4.516 expx=23.25 bmask=7 red=0.00 blk=0.00 bp=0.00 sym=0.0 lock=0 cq=0.00
th=120 steer=-18.23 ex=6.352cm ang=5.46deg z=19.71cm tg=1.000 mode=1 conf=0.000 lost=1 L=4.143 R=3.472 expx=33.25 bmask=7 red=0.00 blk=0.00 bp=0.00 sym=0.0 lock=0 cq=0.00
th=120 steer=11.00 ex=6.352cm ang=5.46deg z=19.71cm tg=1.000 mode=1 conf=0.000 lost=9 L=4.111 R=4.516 expx=33.25 bmask=7 red=0.00 blk=0.00 bp=0.00 sym=0.0 lock=0 cq=0.00
th=120 steer=11.00 ex=6.352cm ang=5.46deg z=19.71cm tg=1.000 mode=1 conf=0.000 lost=17 L=4.111 R=4.516 expx=33.25 bmask=7 red=0.00 blk=0.00 bp=0.00 sym=0.0 lock=0 cq=0.00
th=120 steer=-20.29 ex=8.405cm ang=-11.86deg z=18.94cm tg=1.000 mode=1 conf=0.000 lost=2 L=4.037 R=3.290 expx=42.25 bmask=7 red=0.00 blk=0.00 bp=0.00 sym=0.0 lock=0 cq=0.00
th=120 steer=11.00 ex=8.405cm ang=-11.86deg z=18.94cm tg=1.000 mode=1 conf=0.000 lost=10 L=4.111 R=4.516 expx=42.25 bmask=7 red=0.00 blk=0.00 bp=0.00 sym=0.0 lock=0 cq=0.00
th=120 steer=11.00 ex=8.405cm ang=-11.86deg z=18.94cm tg=1.000 mode=1 conf=0.000 lost=18 L=4.111 R=4.516 expx=42.25 bmask=7 red=0.00 blk=0.00 bp=0.00 sym=0.0 lock=0 cq=0.00
th=120 steer=11.00 ex=8.405cm ang=-11.86deg z=18.94cm tg=1.000 mode=1 conf=0.000 lost=26 L=4.111 R=4.516 expx=42.25 bmask=7 red=0.00 blk=0.00 bp=0.00 sym=0.0 lock=0 cq=0.00
th=120 steer=-21.87 ex=10.875cm ang=-10.80deg z=18.94cm tg=1.000 mode=1 conf=0.000 lost=2 L=3.955 R=3.150 expx=59.25 bmask=7 red=0.00 blk=0.00 bp=0.00 sym=0.0 lock=0 cq=0.00
th=120 steer=11.00 ex=10.875cm ang=-10.80deg z=18.94cm tg=1.000 mode=1 conf=0.000 lost=10 L=4.111 R=4.516 expx=59.25 bmask=7 red=0.00 blk=0.00 bp=0.00 sym=0.0 lock=0 cq=0.00
th=120 steer=11.00 ex=10.875cm ang=-10.80deg z=18.94cm tg=1.000 mode=1 conf=0.000 lost=18 L=4.111 R=4.516 expx=59.25 bmask=7 red=0.00 blk=0.00 bp=0.00 sym=0.0 lock=0 cq=0.00
th=120 steer=-23.65 ex=11.594cm ang=3.72deg z=18.94cm tg=1.000 mode=1 conf=0.000 lost=3 L=3.863 R=2.993 expx=62.75 bmask=7 red=0.00 blk=0.00 bp=0.00 sym=0.0 lock=0 cq=0.00
th=120 steer=11.00 ex=11.594cm ang=3.72deg z=18.94cm tg=1.000 mode=1 conf=0.000 lost=11 L=4.111 R=4.516 expx=62.75 bmask=7 red=0.00 blk=0.00 bp=0.00 sym=0.0 lock=0 cq=0.00
th=120 steer=-23.50 ex=13.180cm ang=2.82deg z=18.94cm tg=1.000 mode=1 conf=0.000 lost=3 L=3.871 R=3.006 expx=65.25 bmask=7 red=0.00 blk=0.00 bp=0.00 sym=0.0 lock=0 cq=0.00
th=120 steer=11.00 ex=13.180cm ang=2.82deg z=18.94cm tg=1.000 mode=1 conf=0.000 lost=11 L=4.111 R=4.516 expx=65.25 bmask=7 red=0.00 blk=0.00 bp=0.00 sym=0.0 lock=0 cq=0.00
th=120 steer=-23.29 ex=12.571cm ang=3.29deg z=18.94cm tg=1.000 mode=1 conf=0.000 lost=2 L=3.881 R=3.024 expx=66.25 bmask=7 red=0.00 blk=0.00 bp=0.00 sym=0.0 lock=0 cq=0.00
th=120 steer=11.00 ex=12.571cm ang=3.29deg z=18.94cm tg=1.000 mode=1 conf=0.000 lost=10 L=4.111 R=4.516 expx=66.25 bmask=7 red=0.00 blk=0.00 bp=0.00 sym=0.0 lock=0 cq=0.00
th=120 steer=-25.63 ex=11.058cm ang=7.60deg z=19.24cm tg=0.212 mode=0 conf=0.106 lost=0 L=4.047 R=3.104 expx=60.25 bmask=7 red=0.00 blk=0.00 bp=0.00 sym=0.0 lock=0 cq=0.00
th=120 steer=-22.30 ex=12.676cm ang=-4.99deg z=19.09cm tg=1.000 mode=1 conf=0.000 lost=6 L=3.932 R=3.112 expx=67.25 bmask=7 red=0.00 blk=0.00 bp=0.00 sym=0.0 lock=0 cq=0.00
th=120 steer=11.00 ex=12.676cm ang=-4.99deg z=19.09cm tg=1.000 mode=1 conf=0.000 lost=14 L=4.111 R=4.516 expx=67.25 bmask=7 red=0.00 blk=0.00 bp=0.00 sym=0.0 lock=0 cq=0.00
th=120 steer=-22.19 ex=11.909cm ang=2.36deg z=19.87cm tg=1.000 mode=1 conf=0.000 lost=2 L=3.938 R=3.122 expx=62.75 bmask=7 red=0.00 blk=0.00 bp=0.00 sym=0.0 lock=0 cq=0.00
th=120 steer=11.00 ex=11.909cm ang=2.36deg z=19.87cm tg=1.000 mode=1 conf=0.000 lost=10 L=4.111 R=4.516 expx=62.75 bmask=7 red=0.00 blk=0.00 bp=0.00 sym=0.0 lock=0 cq=0.00
th=120 steer=-29.51 ex=20.055cm ang=0.00deg z=20.34cm tg=0.011 mode=1 conf=0.094 lost=0 L=3.249 R=2.163 expx=65.53 bmask=7 red=0.00 blk=0.50 bp=0.25 sym=63.8 lock=0 cq=0.00
th=120 steer=11.00 ex=20.055cm ang=0.00deg z=20.34cm tg=1.000 mode=1 conf=0.000 lost=8 L=4.111 R=4.516 expx=65.53 bmask=7 red=0.00 blk=0.00 bp=0.00 sym=0.0 lock=0 cq=0.00
th=120 steer=11.00 ex=20.055cm ang=0.00deg z=20.34cm tg=1.000 mode=1 conf=0.000 lost=16 L=4.111 R=4.516 expx=65.53 bmask=7 red=0.00 blk=0.00 bp=0.00 sym=0.0 lock=0 cq=0.00
th=120 steer=-24.64 ex=19.927cm ang=-3.34deg z=59.72cm tg=1.000 mode=1 conf=0.000 lost=5 L=3.812 R=2.905 expx=65.11 bmask=1 red=0.00 blk=0.00 bp=0.00 sym=0.0 lock=0 cq=0.00
th=120 steer=11.00 ex=19.927cm ang=-3.34deg z=59.72cm tg=1.000 mode=1 conf=0.000 lost=13 L=4.111 R=4.516 expx=65.11 bmask=1 red=0.00 blk=0.00 bp=0.00 sym=0.0 lock=0 cq=0.00
th=120 steer=-24.91 ex=19.952cm ang=0.00deg z=58.92cm tg=1.000 mode=1 conf=0.000 lost=1 L=3.798 R=2.881 expx=65.19 bmask=1 red=0.00 blk=0.00 bp=0.17 sym=63.2 lock=0 cq=0.00
th=120 steer=11.00 ex=19.952cm ang=0.00deg z=58.92cm tg=1.000 mode=1 conf=0.000 lost=9 L=4.111 R=4.516 expx=65.19 bmask=1 red=0.00 blk=0.00 bp=0.00 sym=0.0 lock=0 cq=0.00
th=120 steer=11.00 ex=19.952cm ang=0.00deg z=58.92cm tg=1.000 mode=1 conf=0.000 lost=17 L=4.111 R=4.516 expx=65.19 bmask=1 red=0.00 blk=0.00 bp=0.00 sym=0.0 lock=0 cq=0.00
th=120 steer=-25.00 ex=19.969cm ang=1.33deg z=56.97cm tg=1.000 mode=1 conf=0.000 lost=4 L=3.793 R=2.873 expx=65.25 bmask=1 red=0.00 blk=0.00 bp=0.00 sym=0.0 lock=0 cq=0.00
th=120 steer=11.00 ex=19.969cm ang=1.33deg z=56.97cm tg=1.000 mode=1 conf=0.000 lost=12 L=4.111 R=4.516 expx=65.25 bmask=1 red=0.00 blk=0.00 bp=0.00 sym=0.0 lock=0 cq=0.00
th=120 steer=11.00 ex=19.969cm ang=1.33deg z=56.97cm tg=1.000 mode=1 conf=0.000 lost=20 L=4.111 R=4.516 expx=65.25 bmask=1 red=0.00 blk=0.00 bp=0.08 sym=65.2 lock=0 cq=0.00
th=120 steer=11.00 ex=20.054cm ang=2.17deg z=56.97cm tg=1.000 mode=1 conf=0.000 lost=7 L=4.111 R=4.516 expx=65.53 bmask=1 red=0.00 blk=0.00 bp=0.00 sym=0.0 lock=0 cq=0.00
th=120 steer=11.00 ex=20.054cm ang=2.17deg z=56.97cm tg=1.000 mode=1 conf=0.000 lost=15 L=4.111 R=4.516 expx=65.53 bmask=1 red=0.00 blk=0.00 bp=0.00 sym=0.0 lock=0 cq=0.00
th=120 steer=-25.24 ex=20.130cm ang=2.83deg z=58.13cm tg=1.000 mode=1 conf=0.000 lost=2 L=3.781 R=2.852 expx=65.78 bmask=1 red=0.00 blk=0.00 bp=0.17 sym=63.8 lock=0 cq=0.00
th=120 steer=11.00 ex=20.130cm ang=2.83deg z=58.13cm tg=1.000 mode=1 conf=0.000 lost=10 L=4.111 R=4.516 expx=65.78 bmask=1 red=0.00 blk=0.00 bp=0.00 sym=0.0 lock=0 cq=0.00
th=120 steer=11.00 ex=20.130cm ang=2.83deg z=58.13cm tg=1.000 mode=1 conf=0.000 lost=18 L=4.111 R=4.516 expx=65.78 bmask=1 red=0.00 blk=0.00 bp=0.00 sym=0.0 lock=0 cq=0.00
th=120 steer=-28.83 ex=19.986cm ang=43.89deg z=33.72cm tg=1.000 mode=1 conf=0.000 lost=5 L=3.595 R=2.534 expx=65.31 bmask=3 red=0.00 blk=0.00 bp=0.00 sym=0.0 lock=0 cq=0.00
th=120 steer=11.00 ex=19.986cm ang=43.89deg z=33.72cm tg=1.000 mode=1 conf=0.000 lost=13 L=4.111 R=4.516 expx=65.31 bmask=3 red=0.00 blk=0.00 bp=0.00 sym=0.0 lock=0 cq=0.00
th=120 steer=11.00 ex=19.986cm ang=43.89deg z=33.72cm tg=1.000 mode=1 conf=0.000 lost=21 L=4.111 R=4.516 expx=65.31 bmask=3 red=0.00 blk=0.00 bp=0.00 sym=0.0 lock=0 cq=0.00
th=120 steer=-22.36 ex=12.817cm ang=2.93deg z=58.52cm tg=1.000 mode=1 conf=0.000 lost=4 L=3.930 R=3.107 expx=65.75 bmask=1 red=0.00 blk=0.00 bp=0.00 sym=0.0 lock=0 cq=0.00
th=120 steer=11.00 ex=12.817cm ang=2.93deg z=58.52cm tg=1.000 mode=1 conf=0.000 lost=12 L=4.111 R=4.516 expx=65.75 bmask=1 red=0.00 blk=0.00 bp=0.00 sym=0.0 lock=0 cq=0.00
th=120 steer=-24.64 ex=19.977cm ang=1.64deg z=60.96cm tg=1.000 mode=1 conf=0.000 lost=1 L=3.812 R=2.905 expx=65.28 bmask=1 red=0.00 blk=0.00 bp=0.25 sym=64.8 lock=0 cq=0.00
th=120 steer=11.00 ex=19.977cm ang=1.64deg z=60.96cm tg=1.000 mode=1 conf=0.000 lost=9 L=4.111 R=4.516 expx=65.28 bmask=1 red=0.00 blk=0.00 bp=0.00 sym=0.0 lock=0 cq=0.00
th=120 steer=11.00 ex=19.977cm ang=1.64deg z=60.96cm tg=1.000 mode=1 conf=0.000 lost=17 L=4.111 R=4.516 expx=65.28 bmask=1 red=0.00 blk=0.00 bp=0.17 sym=63.2 lock=0 cq=0.00
th=120 steer=-22.22 ex=13.159cm ang=0.41deg z=60.54cm tg=1.000 mode=1 conf=0.000 lost=3 L=3.937 R=3.119 expx=65.25 bmask=1 red=0.00 blk=0.00 bp=0.00 sym=0.0 lock=0 cq=0.00
th=120 steer=11.00 ex=13.159cm ang=0.41deg z=60.54cm tg=1.000 mode=1 conf=0.000 lost=11 L=4.111 R=4.516 expx=65.25 bmask=1 red=0.00 blk=0.00 bp=0.00 sym=0.0 lock=0 cq=0.00
th=120 steer=11.00 ex=13.159cm ang=0.41deg z=60.54cm tg=1.000 mode=1 conf=0.000 lost=19 L=4.111 R=4.516 expx=65.25 bmask=1 red=0.00 blk=0.00 bp=0.00 sym=0.0 lock=0 cq=0.00
th=120 steer=11.00 ex=13.159cm ang=0.41deg z=60.54cm tg=1.000 mode=1 conf=0.000 lost=27 L=4.111 R=4.516 expx=65.25 bmask=1 red=0.00 blk=0.00 bp=0.42 sym=69.5 lock=0 cq=0.00
th=120 steer=-25.49 ex=20.500cm ang=3.18deg z=57.74cm tg=1.000 mode=1 conf=0.000 lost=4 L=3.767 R=2.829 expx=66.99 bmask=1 red=0.00 blk=0.00 bp=0.00 sym=0.0 lock=0 cq=0.00
th=120 steer=11.00 ex=20.500cm ang=3.18deg z=57.74cm tg=1.000 mode=1 conf=0.000 lost=12 L=4.111 R=4.516 expx=66.99 bmask=1 red=0.00 blk=0.00 bp=0.00 sym=0.0 lock=0 cq=0.00
th=120 steer=11.00 ex=20.500cm ang=3.18deg z=57.74cm tg=1.000 mode=1 conf=0.000 lost=20 L=4.111 R=4.516 expx=66.99 bmask=1 red=0.00 blk=0.00 bp=0.00 sym=0.0 lock=0 cq=0.00
th=120 steer=11.00 ex=20.500cm ang=3.18deg z=57.74cm tg=1.000 mode=1 conf=0.000 lost=28 L=4.111 R=4.516 expx=66.99 bmask=1 red=0.00 blk=0.00 bp=0.00 sym=0.0 lock=0 cq=0.00
th=115 steer=11.00 ex=20.500cm ang=3.18deg z=57.74cm tg=1.000 mode=1 conf=0.000 lost=36 L=4.111 R=4.516 expx=66.99 bmask=1 red=0.00 blk=0.00 bp=0.00 sym=0.0 lock=0 cq=0.00
th=115 steer=11.00 ex=20.500cm ang=3.18deg z=57.74cm tg=1.000 mode=1 conf=0.000 lost=44 L=4.111 R=4.516 expx=66.99 bmask=1 red=0.00 blk=0.00 bp=0.00 sym=0.0 lock=0 cq=0.00
th=115 steer=11.00 ex=20.500cm ang=3.18deg z=57.74cm tg=1.000 mode=1 conf=0.000 lost=52 L=4.111 R=4.516 expx=66.99 bmask=1 red=0.00 blk=0.00 bp=0.00 sym=0.0 lock=0 cq=0.00
th=115 steer=11.00 ex=20.500cm ang=3.18deg z=57.74cm tg=1.000 mode=1 conf=0.000 lost=60 L=4.111 R=4.516 expx=66.99 bmask=1 red=0.00 blk=0.00 bp=0.00 sym=0.0 lock=0 cq=0.00
th=115 steer=11.00 ex=20.500cm ang=3.18deg z=57.74cm tg=1.000 mode=1 conf=0.000 lost=68 L=4.111 R=4.516 expx=66.99 bmask=1 red=0.00 blk=0.00 bp=0.00 sym=0.0 lock=0 cq=0.00
th=115 steer=11.00 ex=20.500cm ang=3.18deg z=57.74cm tg=1.000 mode=1 conf=0.000 lost=76 L=4.111 R=4.516 expx=66.99 bmask=1 red=0.00 blk=0.00 bp=0.00 sym=0.0 lock=0 cq=0.00
th=72 steer=11.00 ex=20.500cm ang=3.18deg z=57.74cm tg=1.000 mode=1 conf=0.000 lost=84 L=4.111 R=4.516 expx=66.99 bmask=1 red=0.00 blk=0.00 bp=0.00 sym=0.0 lock=0 cq=0.00
th=72 steer=11.00 ex=20.500cm ang=3.18deg z=57.74cm tg=1.000 mode=1 conf=0.000 lost=92 L=4.111 R=4.516 expx=66.99 bmask=1 red=0.00 blk=0.00 bp=0.00 sym=0.0 lock=0 cq=0.00
th=72 steer=11.00 ex=20.500cm ang=3.18deg z=57.74cm tg=1.000 mode=1 conf=0.000 lost=100 L=4.111 R=4.516 expx=66.99 bmask=1 red=0.00 blk=0.00 bp=0.00 sym=0.0 lock=0 cq=0.00
th=72 steer=11.00 ex=20.500cm ang=3.18deg z=57.74cm tg=1.000 mode=1 conf=0.000 lost=108 L=4.111 R=4.516 expx=66.99 bmask=1 red=0.00 blk=0.00 bp=0.00 sym=0.0 lock=0 cq=0.00
th=72 steer=11.00 ex=20.500cm ang=3.18deg z=57.74cm tg=1.000 mode=1 conf=0.000 lost=116 L=4.111 R=4.516 expx=66.99 bmask=1 red=0.00 blk=0.00 bp=0.00 sym=0.0 lock=0 cq=0.00
th=72 steer=11.00 ex=20.500cm ang=3.18deg z=57.74cm tg=1.000 mode=1 conf=0.000 lost=124 L=4.111 R=4.516 expx=66.99 bmask=1 red=0.00 blk=0.00 bp=0.00 sym=0.0 lock=0 cq=0.00
th=72 steer=11.00 ex=20.500cm ang=3.18deg z=57.74cm tg=1.000 mode=1 conf=0.000 lost=132 L=4.111 R=4.516 expx=66.99 bmask=1 red=0.00 blk=0.00 bp=0.00 sym=0.0 lock=0 cq=0.00
th=72 steer=11.00 ex=20.500cm ang=3.18deg z=57.74cm tg=1.000 mode=1 conf=0.000 lost=140 L=4.111 R=4.516 expx=66.99 bmask=1 red=0.00 blk=0.00 bp=0.00 sym=0.0 lock=0 cq=0.00
th=72 steer=11.00 ex=20.500cm ang=3.18deg z=57.74cm tg=1.000 mode=1 conf=0.000 lost=148 L=4.111 R=4.516 expx=66.99 bmask=1 red=0.00 blk=0.00 bp=0.00 sym=0.0 lock=0 cq=0.00
th=72 steer=11.00 ex=20.500cm ang=3.18deg z=57.74cm tg=1.000 mode=1 conf=0.000 lost=156 L=4.111 R=4.516 expx=66.99 bmask=1 red=0.00 blk=0.00 bp=0.00 sym=0.0 lock=0 cq=0.00
th=72 steer=11.00 ex=20.500cm ang=3.18deg z=57.74cm tg=1.000 mode=1 conf=0.000 lost=164 L=4.111 R=4.516 expx=66.99 bmask=1 red=0.00 blk=0.00 bp=0.00 sym=0.0 lock=0 cq=0.00
th=72 steer=11.00 ex=20.500cm ang=3.18deg z=57.74cm tg=1.000 mode=1 conf=0.000 lost=172 L=4.111 R=4.516 expx=66.99 bmask=1 red=0.00 blk=0.00 bp=0.00 sym=0.0 lock=0 cq=0.00
th=72 steer=11.00 ex=20.500cm ang=3.18deg z=57.74cm tg=1.000 mode=1 conf=0.000 lost=180 L=4.111 R=4.516 expx=66.99 bmask=1 red=0.00 blk=0.00 bp=0.00 sym=0.0 lock=0 cq=0.00
th=72 steer=11.00 ex=20.500cm ang=3.18deg z=57.74cm tg=1.000 mode=1 conf=0.000 lost=188 L=4.111 R=4.516 expx=66.99 bmask=1 red=0.00 blk=0.00 bp=0.00 sym=0.0 lock=0 cq=0.00
th=72 steer=11.00 ex=20.500cm ang=3.18deg z=57.74cm tg=1.000 mode=1 conf=0.000 lost=196 L=4.111 R=4.516 expx=66.99 bmask=1 red=0.00 blk=0.00 bp=0.00 sym=0.0 lock=0 cq=0.00
th=72 steer=11.00 ex=20.500cm ang=3.18deg z=57.74cm tg=1.000 mode=1 conf=0.000 lost=204 L=4.111 R=4.516 expx=66.99 bmask=1 red=0.00 blk=0.00 bp=0.00 sym=0.0 lock=0 cq=0.00
th=72 steer=11.00 ex=20.500cm ang=3.18deg z=57.74cm tg=1.000 mode=1 conf=0.000 lost=212 L=4.111 R=4.516 expx=66.99 bmask=1 red=0.00 blk=0.00 bp=0.00 sym=0.0 lock=0 cq=0.00
th=72 steer=11.00 ex=20.500cm ang=3.18deg z=57.74cm tg=1.000 mode=1 conf=0.000 lost=220 L=4.111 R=4.516 expx=66.99 bmask=1 red=0.00 blk=0.00 bp=0.00 sym=0.0 lock=0 cq=0.00
th=72 steer=11.00 ex=20.500cm ang=3.18deg z=57.74cm tg=1.000 mode=1 conf=0.000 lost=228 L=4.111 R=4.516 expx=66.99 bmask=1 red=0.00 blk=0.00 bp=0.00 sym=0.0 lock=0 cq=0.00
th=72 steer=11.00 ex=20.500cm ang=3.18deg z=57.74cm tg=1.000 mode=1 conf=0.000 lost=236 L=4.111 R=4.516 expx=66.99 bmask=1 red=0.00 blk=0.00 bp=0.00 sym=0.0 lock=0 cq=0.00
th=72 steer=11.00 ex=20.500cm ang=3.18deg z=57.74cm tg=1.000 mode=1 conf=0.000 lost=244 L=4.111 R=4.516 expx=66.99 bmask=1 red=0.00 blk=0.00 bp=0.00 sym=0.0 lock=0 cq=0.00
th=72 steer=11.00 ex=20.500cm ang=3.18deg z=57.74cm tg=1.000 mode=1 conf=0.000 lost=252 L=4.111 R=4.516 expx=66.99 bmask=1 red=0.00 blk=0.00 bp=0.00 sym=0.0 lock=0 cq=0.00
th=72 steer=11.00 ex=20.500cm ang=3.18deg z=57.74cm tg=1.000 mode=1 conf=0.000 lost=260 L=4.111 R=4.516 expx=66.99 bmask=1 red=0.00 blk=0.00 bp=0.00 sym=0.0 lock=0 cq=0.00
th=72 steer=11.00 ex=20.500cm ang=3.18deg z=57.74cm tg=1.000 mode=1 conf=0.000 lost=268 L=4.111 R=4.516 expx=66.99 bmask=1 red=0.00 blk=0.00 bp=0.00 sym=0.0 lock=0 cq=0.00
th=72 steer=11.00 ex=20.500cm ang=3.18deg z=57.74cm tg=1.000 mode=1 conf=0.000 lost=276 L=4.111 R=4.516 expx=66.99 bmask=1 red=0.00 blk=0.00 bp=0.00 sym=0.0 lock=0 cq=0.00
th=72 steer=11.00 ex=20.500cm ang=3.18deg z=57.74cm tg=1.000 mode=1 conf=0.000 lost=284 L=4.111 R=4.516 expx=66.99 bmask=1 red=0.00 blk=0.00 bp=0.00 sym=0.0 lock=0 cq=0.00
th=72 steer=11.00 ex=20.500cm ang=3.18deg z=57.74cm tg=1.000 mode=1 conf=0.000 lost=292 L=4.111 R=4.516 expx=66.99 bmask=1 red=0.00 blk=0.00 bp=0.00 sym=0.0 lock=0 cq=0.00
th=72 steer=11.00 ex=20.500cm ang=3.18deg z=57.74cm tg=1.000 mode=1 conf=0.000 lost=300 L=4.111 R=4.516 expx=66.99 bmask=1 red=0.00 blk=0.00 bp=0.00 sym=0.0 lock=0 cq=0.00
th=115 steer=11.00 ex=20.500cm ang=3.18deg z=57.74cm tg=1.000 mode=1 conf=0.000 lost=308 L=4.111 R=4.516 expx=66.99 bmask=1 red=0.00 blk=0.00 bp=0.00 sym=0.0 lock=0 cq=0.00
th=115 steer=11.00 ex=20.500cm ang=3.18deg z=57.74cm tg=1.000 mode=1 conf=0.000 lost=316 L=4.111 R=4.516 expx=66.99 bmask=1 red=0.00 blk=0.00 bp=0.00 sym=0.0 lock=0 cq=0.00
th=120 steer=11.00 ex=20.500cm ang=3.18deg z=57.74cm tg=1.000 mode=1 conf=0.000 lost=324 L=4.111 R=4.516 expx=66.99 bmask=1 red=0.00 blk=0.00 bp=0.00 sym=0.0 lock=0 cq=0.00
th=120 steer=11.00 ex=20.500cm ang=3.18deg z=57.74cm tg=1.000 mode=1 conf=0.000 lost=332 L=4.111 R=4.516 expx=66.99 bmask=1 red=0.00 blk=0.00 bp=0.00 sym=0.0 lock=0 cq=0.00
th=120 steer=11.00 ex=20.500cm ang=3.18deg z=57.74cm tg=1.000 mode=1 conf=0.000 lost=340 L=4.111 R=4.516 expx=66.99 bmask=1 red=0.00 blk=0.00 bp=0.00 sym=0.0 lock=0 cq=0.00
th=120 steer=11.00 ex=20.500cm ang=3.18deg z=57.74cm tg=1.000 mode=1 conf=0.000 lost=348 L=4.111 R=4.516 expx=66.99 bmask=1 red=0.00 blk=0.00 bp=0.00 sym=0.0 lock=0 cq=0.00
th=120 steer=11.00 ex=20.500cm ang=3.18deg z=57.74cm tg=1.000 mode=1 conf=0.000 lost=356 L=4.111 R=4.516 expx=66.99 bmask=1 red=0.00 blk=0.00 bp=0.00 sym=0.0 lock=0 cq=0.00
th=120 steer=11.00 ex=20.500cm ang=3.18deg z=57.74cm tg=1.000 mode=1 conf=0.000 lost=364 L=4.111 R=4.516 expx=66.99 bmask=1 red=0.00 blk=0.00 bp=0.00 sym=0.0 lock=0 cq=0.00
th=120 steer=11.00 ex=20.500cm ang=3.18deg z=57.74cm tg=1.000 mode=1 conf=0.000 lost=372 L=4.111 R=4.516 expx=66.99 bmask=1 red=0.00 blk=0.00 bp=0.00 sym=0.0 lock=0 cq=0.00
th=120 steer=11.00 ex=20.500cm ang=3.18deg z=57.74cm tg=1.000 mode=1 conf=0.000 lost=380 L=4.111 R=4.516 expx=66.99 bmask=1 red=0.00 blk=0.00 bp=0.00 sym=0.0 lock=0 cq=0.00
th=120 steer=11.00 ex=20.500cm ang=3.18deg z=57.74cm tg=1.000 mode=1 conf=0.000 lost=388 L=4.111 R=4.516 expx=66.99 bmask=1 red=0.00 blk=0.00 bp=0.00 sym=0.0 lock=0 cq=0.00
th=120 steer=11.00 ex=20.500cm ang=3.18deg z=57.74cm tg=1.000 mode=1 conf=0.000 lost=396 L=4.111 R=4.516 expx=66.99 bmask=1 red=0.00 blk=0.00 bp=0.00 sym=0.0 lock=0 cq=0.00
th=120 steer=11.00 ex=20.500cm ang=3.18deg z=57.74cm tg=1.000 mode=1 conf=0.000 lost=404 L=4.111 R=4.516 expx=66.99 bmask=1 red=0.00 blk=0.00 bp=0.00 sym=0.0 lock=0 cq=0.00
th=120 steer=11.00 ex=20.500cm ang=3.18deg z=57.74cm tg=1.000 mode=1 conf=0.000 lost=412 L=4.111 R=4.516 expx=66.99 bmask=1 red=0.00 blk=0.00 bp=0.00 sym=0.0 lock=0 cq=0.00
th=120 steer=11.00 ex=20.500cm ang=3.18deg z=57.74cm tg=1.000 mode=1 conf=0.000 lost=420 L=4.111 R=4.516 expx=66.99 bmask=1 red=0.00 blk=0.00 bp=0.00 sym=0.0 lock=0 cq=0.00
th=120 steer=11.00 ex=20.500cm ang=3.18deg z=57.74cm tg=1.000 mode=1 conf=0.000 lost=428 L=4.111 R=4.516 expx=66.99 bmask=1 red=0.00 blk=0.00 bp=0.00 sym=0.0 lock=0 cq=0.00
th=120 steer=11.00 ex=20.500cm ang=3.18deg z=57.74cm tg=1.000 mode=1 conf=0.000 lost=436 L=4.111 R=4.516 expx=66.99 bmask=1 red=0.00 blk=0.00 bp=0.00 sym=0.0 lock=0 cq=0.00
th=120 steer=11.00 ex=20.500cm ang=3.18deg z=57.74cm tg=1.000 mode=1 conf=0.000 lost=444 L=4.111 R=4.516 expx=66.99 bmask=1 red=0.00 blk=0.00 bp=0.00 sym=0.0 lock=0 cq=0.00
th=120 steer=11.00 ex=20.500cm ang=3.18deg z=57.74cm tg=1.000 mode=1 conf=0.000 lost=452 L=4.111 R=4.516 expx=66.99 bmask=1 red=0.00 blk=0.00 bp=0.00 sym=0.0 lock=0 cq=0.00
th=120 steer=11.00 ex=20.500cm ang=3.18deg z=57.74cm tg=1.000 mode=1 conf=0.000 lost=460 L=4.111 R=4.516 expx=66.99 bmask=1 red=0.00 blk=0.00 bp=0.00 sym=0.0 lock=0 cq=0.00
th=120 steer=11.00 ex=20.500cm ang=3.18deg z=57.74cm tg=1.000 mode=1 conf=0.000 lost=468 L=4.111 R=4.516 expx=66.99 bmask=1 red=0.00 blk=0.00 bp=0.00 sym=0.0 lock=0 cq=0.00
th=120 steer=11.00 ex=20.500cm ang=3.18deg z=57.74cm tg=1.000 mode=1 conf=0.000 lost=476 L=4.111 R=4.516 expx=66.99 bmask=1 red=0.00 blk=0.00 bp=0.00 sym=0.0 lock=0 cq=0.00
th=120 steer=37.71 ex=-10.094cm ang=-61.41deg z=18.94cm tg=1.000 mode=1 conf=0.269 lost=0 L=1.961 R=3.349 expx=-90.59 bmask=6 red=0.00 blk=0.00 bp=0.00 sym=0.0 lock=0 cq=0.00
th=120 steer=37.29 ex=-20.692cm ang=-59.49deg z=18.94cm tg=1.000 mode=1 conf=0.150 lost=0 L=1.914 R=3.286 expx=-111.25 bmask=7 red=0.00 blk=0.19 bp=0.00 sym=0.0 lock=0 cq=0.00
th=120 steer=30.65 ex=-18.196cm ang=-62.13deg z=18.94cm tg=1.000 mode=1 conf=0.128 lost=0 L=2.629 R=3.757 expx=-95.25 bmask=7 red=0.00 blk=0.00 bp=0.00 sym=0.0 lock=0 cq=0.00
th=120 steer=-11.57 ex=5.786cm ang=-62.44deg z=18.94cm tg=0.644 mode=0 conf=0.170 lost=0 L=4.858 R=4.432 expx=30.50 bmask=5 red=0.00 blk=0.00 bp=0.00 sym=0.0 lock=0 cq=0.00
th=120 steer=-5.26 ex=5.193cm ang=-56.07deg z=18.94cm tg=0.600 mode=0 conf=0.193 lost=0 L=5.223 R=5.029 expx=25.75 bmask=7 red=0.00 blk=0.00 bp=0.00 sym=0.0 lock=0 cq=0.00
th=120 steer=-21.56 ex=8.649cm ang=-49.70deg z=33.08cm tg=1.000 mode=1 conf=0.143 lost=0 L=4.281 R=3.488 expx=46.50 bmask=3 red=0.00 blk=0.00 bp=0.00 sym=0.0 lock=0 cq=0.00
th=120 steer=-19.14 ex=8.556cm ang=-54.22deg z=18.94cm tg=1.000 mode=1 conf=0.185 lost=0 L=4.421 R=3.716 expx=46.00 bmask=7 red=0.00 blk=0.00 bp=0.00 sym=0.0 lock=0 cq=0.00
th=120 steer=-12.65 ex=7.059cm ang=-51.45deg z=18.94cm tg=1.000 mode=1 conf=0.159 lost=0 L=4.796 R=4.330 expx=35.00 bmask=7 red=0.00 blk=0.00 bp=0.00 sym=0.0 lock=0 cq=0.00
th=120 steer=-15.96 ex=7.487cm ang=-36.73deg z=18.94cm tg=1.000 mode=1 conf=0.076 lost=0 L=4.605 R=4.018 expx=37.50 bmask=7 red=0.00 blk=0.00 bp=0.00 sym=0.0 lock=0 cq=0.00
th=120 steer=-24.41 ex=8.294cm ang=-34.63deg z=18.94cm tg=1.000 mode=1 conf=0.218 lost=0 L=4.117 R=3.219 expx=44.00 bmask=7 red=0.00 blk=0.00 bp=0.00 sym=0.0 lock=0 cq=0.00
th=120 steer=-27.55 ex=15.378cm ang=-32.42deg z=18.94cm tg=0.675 mode=0 conf=0.208 lost=0 L=3.936 R=2.922 expx=76.25 bmask=7 red=0.00 blk=0.00 bp=0.00 sym=0.0 lock=0 cq=0.00
th=120 steer=-5.33 ex=4.750cm ang=-40.75deg z=18.94cm tg=1.000 mode=1 conf=0.289 lost=0 L=5.219 R=5.022 expx=24.06 bmask=6 red=0.00 blk=0.00 bp=0.00 sym=0.0 lock=0 cq=0.00
th=120 steer=0.13 ex=1.342cm ang=-42.30deg z=18.94cm tg=1.000 mode=1 conf=0.257 lost=0 L=5.515 R=5.519 expx=6.01 bmask=6 red=0.00 blk=0.00 bp=0.00 sym=0.0 lock=0 cq=0.00
th=120 steer=8.25 ex=-0.774cm ang=-38.27deg z=18.94cm tg=1.000 mode=1 conf=0.270 lost=0 L=4.747 R=5.050 expx=-8.62 bmask=6 red=0.00 blk=0.00 bp=0.00 sym=0.0 lock=0 cq=0.00
th=120 steer=5.46 ex=-0.449cm ang=-39.67deg z=18.94cm tg=1.000 mode=1 conf=0.253 lost=0 L=5.010 R=5.211 expx=-5.87 bmask=6 red=0.00 blk=0.00 bp=0.00 sym=0.0 lock=0 cq=0.00
th=120 steer=-37.36 ex=15.386cm ang=-30.09deg z=18.94cm tg=1.000 mode=1 conf=0.180 lost=0 L=3.369 R=1.994 expx=75.25 bmask=7 red=0.00 blk=0.00 bp=0.00 sym=0.0 lock=0 cq=0.00
th=120 steer=0.75 ex=-0.556cm ang=-39.99deg z=18.94cm tg=1.000 mode=1 conf=0.000 lost=1 L=5.018 R=5.045 expx=-5.00 bmask=6 red=0.00 blk=0.00 bp=0.00 sym=0.0 lock=0 cq=0.00
th=120 steer=18.82 ex=-10.641cm ang=-51.63deg z=18.94cm tg=1.000 mode=1 conf=0.205 lost=0 L=3.747 R=4.439 expx=-58.75 bmask=7 red=0.00 blk=0.00 bp=0.00 sym=0.0 lock=0 cq=0.00
th=120 steer=19.11 ex=-12.508cm ang=-42.90deg z=18.94cm tg=1.000 mode=1 conf=0.241 lost=0 L=3.720 R=4.423 expx=-67.25 bmask=7 red=0.00 blk=0.00 bp=0.00 sym=0.0 lock=0 cq=0.00
th=120 steer=8.70 ex=-14.330cm ang=-44.68deg z=18.94cm tg=1.000 mode=1 conf=0.263 lost=0 L=4.704 R=5.024 expx=-46.82 bmask=7 red=0.00 blk=0.00 bp=0.17 sym=67.9 lock=0 cq=0.00
th=120 steer=18.44 ex=-9.672cm ang=-51.05deg z=18.94cm tg=0.949 mode=1 conf=0.372 lost=0 L=3.783 R=4.462 expx=-31.60 bmask=7 red=0.00 blk=0.00 bp=0.25 sym=72.8 lock=0 cq=0.00
th=120 steer=13.61 ex=-9.317cm ang=-50.65deg z=18.94cm tg=1.000 mode=1 conf=0.282 lost=0 L=4.240 R=4.741 expx=-30.45 bmask=7 red=0.00 blk=0.00 bp=0.33 sym=-52.2 lock=0 cq=0.00
th=100 steer=4.88 ex=-2.350cm ang=-49.84deg z=18.94cm tg=1.000 mode=1 conf=0.261 lost=0 L=5.065 R=5.245 expx=-12.38 bmask=7 red=0.00 blk=0.00 bp=0.00 sym=0.0 lock=0 cq=0.00
th=97 steer=3.67 ex=-4.156cm ang=-48.24deg z=18.94cm tg=1.000 mode=1 conf=0.273 lost=0 L=5.180 R=5.315 expx=-13.58 bmask=7 red=0.00 blk=0.00 bp=0.50 sym=-128.5 lock=0 cq=0.00
th=99 steer=-1.68 ex=-1.356cm ang=-46.29deg z=18.94cm tg=1.000 mode=1 conf=0.344 lost=0 L=5.553 R=5.491 expx=-4.43 bmask=7 red=0.00 blk=0.00 bp=0.67 sym=-132.4 lock=0 cq=0.17
th=100 steer=-11.36 ex=4.245cm ang=-44.22deg z=18.94cm tg=1.000 mode=1 conf=0.305 lost=0 L=4.871 R=4.452 expx=22.38 bmask=7 red=0.00 blk=0.00 bp=0.00 sym=0.0 lock=0 cq=0.00
th=101 steer=-10.33 ex=5.288cm ang=-42.01deg z=18.94cm tg=0.400 mode=0 conf=0.311 lost=0 L=4.930 R=4.549 expx=27.88 bmask=7 red=0.00 blk=0.00 bp=0.00 sym=0.0 lock=0 cq=0.00
th=99 steer=-10.70 ex=6.095cm ang=-40.72deg z=18.94cm tg=0.219 mode=0 conf=0.311 lost=0 L=4.909 R=4.515 expx=32.12 bmask=7 red=0.00 blk=0.00 bp=0.00 sym=0.0 lock=0 cq=0.00
th=100 steer=-12.87 ex=6.617cm ang=-40.08deg z=18.94cm tg=0.812 mode=0 conf=0.290 lost=0 L=4.783 R=4.310 expx=34.88 bmask=7 red=0.00 blk=0.00 bp=0.00 sym=0.0 lock=0 cq=0.00
th=98 steer=-15.53 ex=6.759cm ang=-36.28deg z=18.94cm tg=1.000 mode=1 conf=0.294 lost=0 L=4.630 R=4.059 expx=35.62 bmask=7 red=0.00 blk=0.00 bp=0.00 sym=0.0 lock=0 cq=0.00
th=99 steer=-13.53 ex=5.717cm ang=-27.37deg z=18.94cm tg=1.000 mode=1 conf=0.311 lost=0 L=4.745 R=4.247 expx=30.38 bmask=7 red=0.00 blk=0.00 bp=0.00 sym=0.0 lock=0 cq=0.00
th=98 steer=-10.40 ex=4.503cm ang=-25.09deg z=18.94cm tg=1.000 mode=1 conf=0.343 lost=0 L=4.926 R=4.543 expx=23.62 bmask=7 red=0.00 blk=0.00 bp=0.00 sym=0.0 lock=0 cq=0.00
th=98 steer=-8.24 ex=3.581cm ang=-24.23deg z=18.94cm tg=1.000 mode=1 conf=0.354 lost=0 L=5.050 R=4.747 expx=18.88 bmask=7 red=0.00 blk=0.00 bp=0.00 sym=0.0 lock=0 cq=0.00
th=98 steer=-6.47 ex=2.870cm ang=-23.34deg z=18.94cm tg=1.000 mode=1 conf=0.369 lost=0 L=5.153 R=4.915 expx=15.12 bmask=7 red=0.00 blk=0.00 bp=0.00 sym=0.0 lock=0 cq=0.00
th=98 steer=-5.89 ex=2.538cm ang=-22.24deg z=18.94cm tg=1.000 mode=1 conf=0.365 lost=0 L=5.186 R=4.970 expx=13.38 bmask=7 red=0.00 blk=0.00 bp=0.00 sym=0.0 lock=0 cq=0.00
th=98 steer=-5.60 ex=2.301cm ang=-20.25deg z=18.94cm tg=1.000 mode=1 conf=0.357 lost=0 L=5.203 R=4.997 expx=12.12 bmask=7 red=0.00 blk=0.00 bp=0.00 sym=0.0 lock=0 cq=0.00
th=98 steer=-5.42 ex=2.159cm ang=-19.12deg z=18.94cm tg=1.000 mode=1 conf=0.355 lost=0 L=5.214 R=5.014 expx=11.38 bmask=7 red=0.00 blk=0.00 bp=0.00 sym=0.0 lock=0 cq=0.00
th=99 steer=-5.97 ex=2.206cm ang=-17.27deg z=18.94cm tg=1.000 mode=1 conf=0.362 lost=0 L=5.182 R=4.962 expx=11.62 bmask=7 red=0.00 blk=0.00 bp=0.00 sym=0.0 lock=0 cq=0.00
th=98 steer=-6.42 ex=2.253cm ang=-15.55deg z=18.94cm tg=1.000 mode=1 conf=0.374 lost=0 L=5.156 R=4.919 expx=11.88 bmask=7 red=0.00 blk=0.00 bp=0.00 sym=0.0 lock=0 cq=0.00
th=120 steer=-14.79 ex=4.859cm ang=-6.72deg z=18.94cm tg=1.000 mode=1 conf=0.377 lost=0 L=4.672 R=4.128 expx=15.88 bmask=7 red=0.00 blk=0.00 bp=0.17 sym=68.5 lock=0 cq=0.00
th=120 steer=-11.33 ex=3.397cm ang=-10.60deg z=18.94cm tg=1.000 mode=1 conf=0.374 lost=0 L=4.872 R=4.455 expx=11.10 bmask=7 red=0.00 blk=0.00 bp=0.17 sym=64.5 lock=0 cq=0.00
th=120 steer=-8.59 ex=1.643cm ang=-6.26deg z=18.94cm tg=1.000 mode=1 conf=0.476 lost=0 L=5.256 R=4.939 expx=5.37 bmask=7 red=0.00 blk=0.00 bp=0.25 sym=0.8 lock=0 cq=0.34
th=120 steer=-5.13 ex=0.550cm ang=-8.60deg z=18.94cm tg=1.000 mode=1 conf=0.459 lost=0 L=5.432 R=5.244 expx=1.80 bmask=7 red=0.00 blk=0.00 bp=0.08 sym=-4.2 lock=0 cq=0.29
th=120 steer=-6.50 ex=1.430cm ang=-6.78deg z=18.94cm tg=1.000 mode=1 conf=0.462 lost=0 L=5.371 R=5.132 expx=4.67 bmask=7 red=0.00 blk=0.00 bp=0.25 sym=-2.0 lock=0 cq=0.32
th=120 steer=-6.23 ex=1.938cm ang=-6.43deg z=18.94cm tg=1.000 mode=1 conf=0.453 lost=0 L=5.374 R=5.144 expx=6.33 bmask=7 red=0.00 blk=0.00 bp=0.17 sym=-3.4 lock=0 cq=0.30
th=120 steer=-6.69 ex=3.060cm ang=-1.01deg z=18.94cm tg=0.600 mode=0 conf=0.455 lost=0 L=5.346 R=5.099 expx=10.00 bmask=7 red=0.00 blk=0.00 bp=0.17 sym=-3.4 lock=0 cq=0.30
th=120 steer=-6.16 ex=2.471cm ang=18.31deg z=18.94cm tg=0.143 mode=0 conf=0.379 lost=0 L=5.379 R=5.152 expx=8.07 bmask=7 red=0.00 blk=0.00 bp=0.25 sym=-3.2 lock=0 cq=0.30
th=120 steer=-2.45 ex=-0.230cm ang=23.20deg z=18.94cm tg=0.075 mode=0 conf=0.337 lost=0 L=5.632 R=5.542 expx=-0.75 bmask=7 red=0.00 blk=0.00 bp=0.17 sym=-0.8 lock=0 cq=0.34
th=120 steer=-1.54 ex=-0.449cm ang=23.38deg z=18.94cm tg=0.220 mode=0 conf=0.337 lost=0 L=5.690 R=5.633 expx=-1.47 bmask=7 red=0.00 blk=0.00 bp=0.08 sym=-0.5 lock=0 cq=0.34
th=120 steer=-1.16 ex=-0.925cm ang=20.49deg z=18.94cm tg=0.505 mode=0 conf=0.332 lost=0 L=5.701 R=5.658 expx=-3.02 bmask=7 red=0.00 blk=0.00 bp=0.33 sym=-1.6 lock=0 cq=0.33
th=120 steer=-0.67 ex=-1.496cm ang=22.81deg z=18.94cm tg=0.893 mode=0 conf=0.333 lost=0 L=5.721 R=5.696 expx=-4.89 bmask=7 red=0.00 blk=0.00 bp=0.17 sym=-2.6 lock=0 cq=0.31
th=120 steer=-0.18 ex=-1.803cm ang=24.54deg z=18.94cm tg=1.000 mode=1 conf=0.239 lost=0 L=5.739 R=5.733 expx=-5.89 bmask=7 red=0.00 blk=0.00 bp=0.17 sym=-3.6 lock=0 cq=0.30
th=120 steer=-0.98 ex=-1.993cm ang=25.82deg z=19.09cm tg=1.000 mode=1 conf=0.152 lost=0 L=5.676 R=5.640 expx=-6.51 bmask=7 red=0.00 blk=0.00 bp=0.50 sym=-5.0 lock=0 cq=0.28
th=120 steer=-0.29 ex=-2.576cm ang=28.20deg z=19.56cm tg=1.000 mode=1 conf=0.139 lost=0 L=5.704 R=5.693 expx=-8.42 bmask=7 red=0.00 blk=0.00 bp=0.25 sym=-6.2 lock=0 cq=0.26
th=120 steer=0.14 ex=-2.806cm ang=27.25deg z=20.03cm tg=1.000 mode=1 conf=0.124 lost=0 L=5.700 R=5.705 expx=-9.17 bmask=7 red=0.00 blk=0.00 bp=0.33 sym=-7.0 lock=0 cq=0.25
th=120 steer=2.12 ex=-3.605cm ang=23.27deg z=20.34cm tg=1.000 mode=1 conf=0.113 lost=0 L=5.490 R=5.568 expx=-11.78 bmask=7 red=0.00 blk=0.00 bp=0.17 sym=-8.6 lock=0 cq=0.22
th=120 steer=3.83 ex=-3.635cm ang=8.98deg z=33.50cm tg=0.606 mode=0 conf=0.153 lost=0 L=5.333 R=5.474 expx=-11.88 bmask=3 red=0.00 blk=0.00 bp=0.17 sym=-7.8 lock=0 cq=0.24
th=120 steer=2.63 ex=-3.082cm ang=10.84deg z=33.50cm tg=0.671 mode=0 conf=0.153 lost=0 L=5.455 R=5.552 expx=-10.07 bmask=3 red=0.00 blk=0.00 bp=0.25 sym=-7.2 lock=0 cq=0.24
th=120 steer=2.43 ex=-3.259cm ang=14.74deg z=33.50cm tg=0.774 mode=0 conf=0.154 lost=0 L=5.471 R=5.561 expx=-10.65 bmask=3 red=0.00 blk=0.00 bp=0.17 sym=-7.5 lock=0 cq=0.24
th=120 steer=4.92 ex=-4.165cm ang=14.95deg z=33.50cm tg=0.938 mode=0 conf=0.153 lost=0 L=5.220 R=5.401 expx=-13.61 bmask=3 red=0.00 blk=0.00 bp=0.25 sym=-8.5 lock=0 cq=0.23
th=120 steer=0.15 ex=-4.163cm ang=8.33deg z=20.34cm tg=1.000 mode=1 conf=0.112 lost=0 L=5.656 R=5.662 expx=-13.60 bmask=7 red=0.00 blk=0.00 bp=0.17 sym=-10.9 lock=0 cq=0.19
th=120 steer=1.55 ex=-4.891cm ang=8.01deg z=20.03cm tg=1.000 mode=1 conf=0.120 lost=0 L=5.505 R=5.562 expx=-15.98 bmask=7 red=0.00 blk=0.00 bp=0.17 sym=-12.4 lock=0 cq=0.17
th=120 steer=2.95 ex=-5.875cm ang=7.62deg z=19.56cm tg=1.000 mode=1 conf=0.128 lost=0 L=5.358 R=5.467 expx=-19.20 bmask=7 red=0.00 blk=0.00 bp=0.17 sym=-13.5 lock=0 cq=0.15
th=120 steer=3.33 ex=-5.847cm ang=8.64deg z=18.94cm tg=1.000 mode=1 conf=0.142 lost=0 L=5.311 R=5.434 expx=-19.11 bmask=7 red=0.00 blk=0.00 bp=0.25 sym=-14.5 lock=0 cq=0.14
th=120 steer=4.06 ex=-6.371cm ang=8.66deg z=18.94cm tg=1.000 mode=1 conf=0.141 lost=0 L=5.236 R=5.385 expx=-20.82 bmask=7 red=0.00 blk=0.00 bp=0.25 sym=-15.0 lock=0 cq=0.13
th=120 steer=0.07 ex=-3.228cm ang=9.20deg z=18.94cm tg=1.000 mode=1 conf=0.128 lost=0 L=5.520 R=5.523 expx=-10.55 bmask=7 red=0.00 blk=0.00 bp=0.25 sym=116.0 lock=0 cq=0.00
th=120 steer=2.54 ex=-5.122cm ang=9.87deg z=18.94cm tg=1.000 mode=1 conf=0.128 lost=0 L=5.286 R=5.380 expx=-16.74 bmask=7 red=0.00 blk=0.00 bp=0.17 sym=116.4 lock=0 cq=0.00
th=120 steer=3.82 ex=-6.420cm ang=9.92deg z=18.94cm tg=1.000 mode=1 conf=0.128 lost=0 L=5.165 R=5.306 expx=-20.98 bmask=7 red=0.00 blk=0.00 bp=0.25 sym=118.2 lock=0 cq=0.00
th=120 steer=3.86 ex=-7.298cm ang=10.57deg z=18.94cm tg=1.000 mode=1 conf=0.128 lost=0 L=5.162 R=5.304 expx=-23.85 bmask=7 red=0.00 blk=0.00 bp=0.25 sym=120.5 lock=0 cq=0.00
th=120 steer=4.88 ex=-8.202cm ang=10.35deg z=18.94cm tg=1.000 mode=1 conf=0.128 lost=0 L=5.065 R=5.245 expx=-26.80 bmask=7 red=0.00 blk=0.00 bp=0.17 sym=124.0 lock=0 cq=0.00
th=120 steer=6.01 ex=-9.156cm ang=10.28deg z=19.09cm tg=1.000 mode=1 conf=0.124 lost=0 L=4.958 R=5.179 expx=-29.92 bmask=7 red=0.00 blk=0.00 bp=0.17 sym=126.0 lock=0 cq=0.00
th=120 steer=5.04 ex=-9.983cm ang=20.13deg z=19.24cm tg=1.000 mode=1 conf=0.121 lost=0 L=5.049 R=5.235 expx=-32.62 bmask=7 red=0.00 blk=0.00 bp=0.33 sym=129.8 lock=0 cq=0.00
th=120 steer=5.15 ex=-10.742cm ang=24.03deg z=19.56cm tg=1.000 mode=1 conf=0.114 lost=0 L=4.740 R=4.929 expx=-35.10 bmask=7 red=0.00 blk=0.17 bp=0.17 sym=133.5 lock=0 cq=0.00
th=120 steer=9.94 ex=-10.281cm ang=37.07deg z=19.87cm tg=1.000 mode=1 conf=0.106 lost=0 L=4.170 R=4.535 expx=-54.19 bmask=7 red=0.00 blk=0.25 bp=0.00 sym=0.0 lock=0 cq=0.00
th=120 steer=9.73 ex=-10.119cm ang=43.39deg z=20.03cm tg=1.000 mode=1 conf=0.103 lost=0 L=4.188 R=4.546 expx=-53.19 bmask=7 red=0.00 blk=0.25 bp=0.00 sym=0.0 lock=0 cq=0.00
th=120 steer=10.45 ex=-9.808cm ang=43.97deg z=20.34cm tg=1.000 mode=1 conf=0.065 lost=0 L=3.986 R=4.371 expx=-51.69 bmask=7 red=0.00 blk=0.33 bp=0.00 sym=0.0 lock=0 cq=0.00
th=120 steer=18.91 ex=-8.575cm ang=6.40deg z=56.97cm tg=0.000 mode=0 conf=0.128 lost=0 L=3.739 R=4.435 expx=-45.19 bmask=1 red=0.00 blk=0.00 bp=0.00 sym=0.0 lock=0 cq=0.00
th=120 steer=16.76 ex=-7.199cm ang=13.64deg z=34.15cm tg=1.000 mode=1 conf=0.114 lost=0 L=3.942 R=4.559 expx=-38.19 bmask=3 red=0.00 blk=0.00 bp=0.00 sym=0.0 lock=0 cq=0.00
th=115 steer=11.53 ex=-5.965cm ang=15.92deg z=33.50cm tg=0.975 mode=0 conf=0.128 lost=0 L=4.437 R=4.861 expx=-31.69 bmask=3 red=0.00 blk=0.00 bp=0.00 sym=0.0 lock=0 cq=0.00
th=120 steer=10.62 ex=-5.408cm ang=14.02deg z=33.50cm tg=0.875 mode=0 conf=0.128 lost=0 L=4.523 R=4.913 expx=-28.69 bmask=3 red=0.00 blk=0.00 bp=0.00 sym=0.0 lock=0 cq=0.00
th=120 steer=9.61 ex=-4.969cm ang=13.47deg z=33.50cm tg=0.838 mode=0 conf=0.128 lost=0 L=4.617 R=4.971 expx=-26.19 bmask=3 red=0.00 blk=0.00 bp=0.00 sym=0.0 lock=0 cq=0.00
th=120 steer=8.78 ex=-4.590cm ang=13.31deg z=33.50cm tg=0.800 mode=0 conf=0.128 lost=0 L=4.696 R=5.019 expx=-24.19 bmask=3 red=0.00 blk=0.00 bp=0.00 sym=0.0 lock=0 cq=0.00
th=120 steer=8.24 ex=-4.229cm ang=12.49deg z=33.50cm tg=0.775 mode=0 conf=0.128 lost=0 L=4.747 R=5.050 expx=-22.69 bmask=3 red=0.00 blk=0.00 bp=0.00 sym=0.0 lock=0 cq=0.00
th=120 steer=7.88 ex=-4.041cm ang=12.43deg z=33.50cm tg=0.750 mode=0 conf=0.128 lost=0 L=4.781 R=5.071 expx=-21.69 bmask=3 red=0.00 blk=0.00 bp=0.00 sym=0.0 lock=0 cq=0.00
th=120 steer=7.49 ex=-3.878cm ang=11.96deg z=33.50cm tg=0.775 mode=0 conf=0.128 lost=0 L=4.818 R=5.094 expx=-20.69 bmask=3 red=0.00 blk=0.00 bp=0.00 sym=0.0 lock=0 cq=0.00
th=120 steer=7.28 ex=-3.784cm ang=12.30deg z=33.50cm tg=0.762 mode=0 conf=0.128 lost=0 L=4.838 R=5.106 expx=-20.19 bmask=3 red=0.00 blk=0.00 bp=0.00 sym=0.0 lock=0 cq=0.00
th=120 steer=6.97 ex=-3.688cm ang=13.16deg z=33.50cm tg=0.775 mode=0 conf=0.128 lost=0 L=4.868 R=5.124 expx=-19.69 bmask=3 red=0.00 blk=0.00 bp=0.00 sym=0.0 lock=0 cq=0.00
th=120 steer=6.76 ex=-3.641cm ang=13.05deg z=33.50cm tg=0.800 mode=0 conf=0.128 lost=0 L=4.887 R=5.136 expx=-19.19 bmask=3 red=0.00 blk=0.00 bp=0.00 sym=0.0 lock=0 cq=0.00
th=120 steer=6.78 ex=-3.641cm ang=12.99deg z=33.50cm tg=0.812 mode=0 conf=0.128 lost=0 L=4.885 R=5.135 expx=-19.19 bmask=3 red=0.00 blk=0.00 bp=0.00 sym=0.0 lock=0 cq=0.00
th=120 steer=6.75 ex=-3.641cm ang=13.35deg z=33.50cm tg=0.838 mode=0 conf=0.128 lost=0 L=4.889 R=5.137 expx=-19.19 bmask=3 red=0.00 blk=0.00 bp=0.00 sym=0.0 lock=0 cq=0.00
th=120 steer=6.79 ex=-3.617cm ang=13.50deg z=33.50cm tg=0.850 mode=0 conf=0.128 lost=0 L=4.885 R=5.135 expx=-19.19 bmask=3 red=0.00 blk=0.00 bp=0.00 sym=0.0 lock=0 cq=0.00
th=120 steer=6.55 ex=-3.617cm ang=13.91deg z=33.50cm tg=0.887 mode=0 conf=0.128 lost=0 L=4.908 R=5.148 expx=-18.94 bmask=3 red=0.00 blk=0.00 bp=0.00 sym=0.0 lock=0 cq=0.00
th=120 steer=6.76 ex=-3.569cm ang=13.98deg z=33.50cm tg=0.900 mode=0 conf=0.135 lost=0 L=4.887 R=5.136 expx=-19.19 bmask=3 red=0.00 blk=0.00 bp=0.00 sym=0.0 lock=0 cq=0.00
th=120 steer=6.64 ex=-3.593cm ang=14.00deg z=33.50cm tg=0.989 mode=0 conf=0.161 lost=0 L=4.898 R=5.143 expx=-19.19 bmask=3 red=0.00 blk=0.00 bp=0.00 sym=0.0 lock=0 cq=0.00
th=120 steer=8.45 ex=-3.569cm ang=10.02deg z=33.50cm tg=1.000 mode=1 conf=0.129 lost=0 L=4.727 R=5.038 expx=-19.19 bmask=3 red=0.00 blk=0.00 bp=0.00 sym=0.0 lock=0 cq=0.00
th=120 steer=8.12 ex=-3.593cm ang=10.94deg z=33.50cm tg=1.000 mode=1 conf=0.123 lost=0 L=4.758 R=5.057 expx=-18.69 bmask=3 red=0.00 blk=0.00 bp=0.00 sym=0.0 lock=0 cq=0.00
th=120 steer=8.30 ex=-3.546cm ang=9.47deg z=33.50cm tg=1.000 mode=1 conf=0.124 lost=0 L=4.742 R=5.047 expx=-18.69 bmask=3 red=0.00 blk=0.00 bp=0.00 sym=0.0 lock=0 cq=0.00
th=120 steer=8.09 ex=-3.546cm ang=11.60deg z=33.50cm tg=1.000 mode=1 conf=0.119 lost=0 L=4.762 R=5.059 expx=-18.69 bmask=3 red=0.00 blk=0.00 bp=0.00 sym=0.0 lock=0 cq=0.00
th=120 steer=7.27 ex=-3.475cm ang=14.99deg z=33.50cm tg=1.000 mode=1 conf=0.128 lost=0 L=4.839 R=5.107 expx=-18.19 bmask=3 red=0.00 blk=0.00 bp=0.00 sym=0.0 lock=0 cq=0.00
th=120 steer=7.41 ex=-3.429cm ang=14.76deg z=33.50cm tg=1.000 mode=1 conf=0.128 lost=0 L=4.826 R=5.098 expx=-18.19 bmask=3 red=0.00 blk=0.00 bp=0.00 sym=0.0 lock=0 cq=0.00
th=120 steer=7.09 ex=-3.378cm ang=15.54deg z=33.50cm tg=1.000 mode=1 conf=0.128 lost=0 L=4.856 R=5.117 expx=-17.94 bmask=3 red=0.00 blk=0.00 bp=0.00 sym=0.0 lock=0 cq=0.00
th=120 steer=7.21 ex=-3.381cm ang=15.68deg z=33.50cm tg=1.000 mode=1 conf=0.128 lost=0 L=4.844 R=5.110 expx=-17.94 bmask=3 red=0.00 blk=0.00 bp=0.00 sym=0.0 lock=0 cq=0.00
th=120 steer=5.70 ex=-3.063cm ang=16.79deg z=33.50cm tg=1.000 mode=1 conf=0.139 lost=0 L=4.987 R=5.197 expx=-15.75 bmask=3 red=0.00 blk=0.00 bp=0.00 sym=0.0 lock=0 cq=0.00
th=120 steer=6.20 ex=-3.099cm ang=17.08deg z=33.50cm tg=1.000 mode=1 conf=0.128 lost=0 L=4.940 R=5.168 expx=-16.50 bmask=3 red=0.00 blk=0.00 bp=0.00 sym=0.0 lock=0 cq=0.00
th=120 steer=-1.06 ex=-2.109cm ang=17.73deg z=33.50cm tg=1.000 mode=1 conf=0.139 lost=0 L=5.465 R=5.426 expx=-6.89 bmask=3 red=0.00 blk=0.00 bp=0.08 sym=129.5 lock=0 cq=0.00
th=120 steer=2.53 ex=-3.779cm ang=28.94deg z=33.50cm tg=1.000 mode=1 conf=0.149 lost=0 L=5.287 R=5.380 expx=-12.35 bmask=3 red=0.00 blk=0.00 bp=0.33 sym=122.4 lock=0 cq=0.00
th=120 steer=4.64 ex=-4.821cm ang=25.31deg z=33.50cm tg=1.000 mode=1 conf=0.163 lost=0 L=5.087 R=5.258 expx=-15.75 bmask=3 red=0.00 blk=0.00 bp=0.50 sym=119.8 lock=0 cq=0.00
th=120 steer=7.72 ex=-6.555cm ang=25.50deg z=33.72cm tg=1.000 mode=1 conf=0.151 lost=0 L=4.797 R=5.081 expx=-21.42 bmask=3 red=0.00 blk=0.00 bp=0.50 sym=112.8 lock=0 cq=0.00
th=120 steer=14.34 ex=-10.195cm ang=22.01deg z=33.50cm tg=1.000 mode=1 conf=0.139 lost=0 L=4.173 R=4.701 expx=-33.31 bmask=3 red=0.00 blk=0.00 bp=0.50 sym=-23.8 lock=0 cq=0.00
th=120 steer=13.37 ex=-9.477cm ang=18.19deg z=33.50cm tg=1.000 mode=1 conf=0.144 lost=0 L=4.289 R=4.781 expx=-30.97 bmask=3 red=0.00 blk=0.00 bp=0.25 sym=-21.0 lock=0 cq=0.04
th=120 steer=12.58 ex=-9.138cm ang=21.40deg z=33.50cm tg=1.000 mode=1 conf=0.164 lost=0 L=4.364 R=4.827 expx=-29.86 bmask=3 red=0.00 blk=0.00 bp=0.25 sym=-21.0 lock=0 cq=0.04
th=120 steer=11.68 ex=-8.118cm ang=14.85deg z=33.50cm tg=0.917 mode=1 conf=0.140 lost=0 L=4.459 R=4.889 expx=-26.53 bmask=3 red=0.00 blk=0.00 bp=0.25 sym=-20.0 lock=0 cq=0.06
th=120 steer=10.43 ex=-7.380cm ang=13.50deg z=33.50cm tg=0.891 mode=1 conf=0.153 lost=0 L=4.613 R=4.997 expx=-24.11 bmask=3 red=0.00 blk=0.00 bp=0.33 sym=-16.2 lock=0 cq=0.11
th=120 steer=8.45 ex=-4.385cm ang=14.77deg z=33.50cm tg=0.775 mode=0 conf=0.172 lost=0 L=4.728 R=5.039 expx=-23.25 bmask=3 red=0.00 blk=0.00 bp=0.00 sym=0.0 lock=0 cq=0.00
th=120 steer=9.41 ex=-6.586cm ang=12.81deg z=33.50cm tg=0.824 mode=1 conf=0.148 lost=0 L=4.728 R=5.074 expx=-21.52 bmask=3 red=0.00 blk=0.00 bp=0.42 sym=-14.5 lock=0 cq=0.14
th=120 steer=8.33 ex=-6.076cm ang=14.48deg z=33.50cm tg=0.795 mode=1 conf=0.152 lost=0 L=4.841 R=5.148 expx=-19.85 bmask=3 red=0.00 blk=0.00 bp=0.25 sym=-13.5 lock=0 cq=0.15
th=120 steer=8.31 ex=-6.055cm ang=14.92deg z=33.50cm tg=0.823 mode=1 conf=0.150 lost=0 L=4.847 R=5.153 expx=-19.79 bmask=3 red=0.00 blk=0.00 bp=0.25 sym=-13.0 lock=0 cq=0.16
th=120 steer=7.69 ex=-5.834cm ang=17.60deg z=33.50cm tg=0.822 mode=1 conf=0.142 lost=0 L=4.912 R=5.195 expx=-19.06 bmask=3 red=0.00 blk=0.00 bp=0.17 sym=-12.5 lock=0 cq=0.17
th=120 steer=5.06 ex=-5.010cm ang=17.57deg z=33.50cm tg=0.831 mode=0 conf=0.203 lost=0 L=5.171 R=5.357 expx=-16.37 bmask=3 red=0.00 blk=0.00 bp=0.33 sym=-12.0 lock=0 cq=0.17
th=120 steer=5.79 ex=-4.969cm ang=12.44deg z=33.50cm tg=0.901 mode=0 conf=0.154 lost=0 L=5.110 R=5.324 expx=-16.24 bmask=3 red=0.00 blk=0.00 bp=0.25 sym=-11.0 lock=0 cq=0.19
th=120 steer=5.57 ex=-5.144cm ang=16.71deg z=33.50cm tg=0.960 mode=0 conf=0.147 lost=0 L=5.121 R=5.326 expx=-16.81 bmask=3 red=0.00 blk=0.00 bp=0.17 sym=-12.0 lock=0 cq=0.17
th=120 steer=5.43 ex=-4.579cm ang=16.93deg z=33.50cm tg=1.000 mode=1 conf=0.158 lost=0 L=5.142 R=5.342 expx=-14.96 bmask=3 red=0.00 blk=0.00 bp=0.17 sym=-11.2 lock=0 cq=0.19
th=120 steer=5.10 ex=-4.415cm ang=17.24deg z=33.50cm tg=1.000 mode=1 conf=0.161 lost=0 L=5.182 R=5.370 expx=-14.43 bmask=3 red=0.00 blk=0.00 bp=0.25 sym=-10.5 lock=0 cq=0.20
th=120 steer=4.83 ex=-4.271cm ang=17.42deg z=33.50cm tg=1.000 mode=1 conf=0.161 lost=0 L=5.211 R=5.389 expx=-13.96 bmask=3 red=0.00 blk=0.00 bp=0.50 sym=-10.2 lock=0 cq=0.20
th=120 steer=5.27 ex=-4.394cm ang=16.69deg z=33.50cm tg=1.000 mode=1 conf=0.157 lost=0 L=5.171 R=5.365 expx=-14.36 bmask=3 red=0.00 blk=0.00 bp=0.42 sym=-10.0 lock=0 cq=0.20
th=120 steer=-0.00 ex=-4.368cm ang=11.01deg z=20.34cm tg=1.000 mode=1 conf=0.114 lost=0 L=5.669 R=5.669 expx=-14.27 bmask=7 red=0.00 blk=0.00 bp=0.25 sym=-11.0 lock=0 cq=0.19
th=120 steer=2.43 ex=-5.188cm ang=9.58deg z=19.87cm tg=1.000 mode=1 conf=0.129 lost=0 L=5.422 R=5.511 expx=-16.95 bmask=7 red=0.00 blk=0.00 bp=0.17 sym=-12.2 lock=0 cq=0.17
th=120 steer=3.23 ex=-5.710cm ang=10.72deg z=19.40cm tg=1.000 mode=1 conf=0.136 lost=0 L=5.339 R=5.458 expx=-18.66 bmask=7 red=0.00 blk=0.00 bp=0.25 sym=-12.8 lock=0 cq=0.16
th=120 steer=3.72 ex=-5.910cm ang=10.80deg z=18.94cm tg=1.000 mode=1 conf=0.145 lost=0 L=5.275 R=5.412 expx=-19.31 bmask=7 red=0.00 blk=0.00 bp=0.33 sym=-14.4 lock=0 cq=0.14
th=120 steer=0.43 ex=-2.998cm ang=10.08deg z=18.94cm tg=1.000 mode=1 conf=0.128 lost=0 L=5.485 R=5.501 expx=-9.80 bmask=7 red=0.00 blk=0.00 bp=0.25 sym=117.2 lock=0 cq=0.00
th=120 steer=2.61 ex=-4.777cm ang=10.59deg z=18.94cm tg=1.000 mode=1 conf=0.128 lost=0 L=5.280 R=5.376 expx=-15.61 bmask=7 red=0.00 blk=0.00 bp=0.25 sym=117.0 lock=0 cq=0.00
th=120 steer=3.79 ex=-6.089cm ang=11.03deg z=18.94cm tg=1.000 mode=1 conf=0.128 lost=0 L=5.168 R=5.308 expx=-19.89 bmask=7 red=0.00 blk=0.00 bp=0.25 sym=118.5 lock=0 cq=0.00
th=120 steer=5.03 ex=-7.375cm ang=11.51deg z=18.94cm tg=1.000 mode=1 conf=0.128 lost=0 L=5.051 R=5.236 expx=-24.10 bmask=7 red=0.00 blk=0.00 bp=0.25 sym=120.8 lock=0 cq=0.00
th=120 steer=-9.49 ex=-8.618cm ang=27.21deg z=18.94cm tg=1.000 mode=1 conf=0.099 lost=0 L=4.978 R=4.629 expx=-28.16 bmask=7 red=0.00 blk=0.00 bp=0.25 sym=122.2 lock=0 cq=0.00
th=120 steer=-3.61 ex=-10.023cm ang=22.97deg z=19.09cm tg=1.000 mode=1 conf=0.115 lost=0 L=5.318 R=5.185 expx=-32.75 bmask=7 red=0.00 blk=0.00 bp=0.33 sym=125.0 lock=0 cq=0.00
th=120 steer=-6.08 ex=-11.352cm ang=33.89deg z=19.24cm tg=1.000 mode=1 conf=0.096 lost=0 L=5.175 R=4.951 expx=-37.09 bmask=7 red=0.00 blk=0.00 bp=0.33 sym=128.0 lock=0 cq=0.00
th=120 steer=-29.37 ex=16.734cm ang=37.76deg z=19.24cm tg=0.434 mode=1 conf=0.093 lost=0 L=3.638 R=2.557 expx=54.68 bmask=7 red=0.00 blk=0.17 bp=0.33 sym=120.9 lock=0 cq=0.00
th=120 steer=-22.82 ex=14.444cm ang=0.63deg z=33.50cm tg=1.000 mode=1 conf=0.128 lost=0 L=4.208 R=3.369 expx=47.20 bmask=3 red=0.00 blk=0.00 bp=0.17 sym=111.5 lock=0 cq=0.00
th=120 steer=-21.99 ex=12.549cm ang=13.49deg z=34.59cm tg=1.000 mode=1 conf=0.105 lost=0 L=4.257 R=3.448 expx=41.01 bmask=3 red=0.00 blk=0.00 bp=0.25 sym=103.8 lock=0 cq=0.00
th=120 steer=-20.46 ex=10.747cm ang=17.14deg z=56.97cm tg=0.381 mode=1 conf=0.128 lost=0 L=4.345 R=3.592 expx=35.12 bmask=1 red=0.00 blk=0.00 bp=0.17 sym=96.8 lock=0 cq=0.00
th=120 steer=-10.44 ex=8.836cm ang=-27.91deg z=56.97cm tg=0.356 mode=1 conf=0.128 lost=0 L=4.924 R=4.540 expx=28.87 bmask=1 red=0.00 blk=0.00 bp=0.25 sym=86.5 lock=0 cq=0.00
th=120 steer=-37.28 ex=30.785cm ang=62.26deg z=58.13cm tg=1.000 mode=1 conf=0.000 lost=2 L=3.286 R=1.914 expx=159.00 bmask=1 red=0.00 blk=0.00 bp=0.33 sym=69.4 lock=0 cq=0.00
th=120 steer=11.00 ex=30.785cm ang=62.26deg z=58.13cm tg=1.000 mode=1 conf=0.000 lost=10 L=4.111 R=4.516 expx=159.00 bmask=1 red=0.00 blk=0.00 bp=0.25 sym=65.2 lock=0 cq=0.00
th=120 steer=11.00 ex=30.785cm ang=62.26deg z=58.13cm tg=1.000 mode=1 conf=0.000 lost=18 L=4.111 R=4.516 expx=159.00 bmask=1 red=0.00 blk=0.00 bp=0.00 sym=0.0 lock=0 cq=0.00
th=120 steer=11.00 ex=30.785cm ang=62.26deg z=58.13cm tg=1.000 mode=1 conf=0.000 lost=26 L=4.111 R=4.516 expx=159.00 bmask=1 red=0.00 blk=0.00 bp=0.25 sym=64.2 lock=0 cq=0.00
th=120 steer=11.00 ex=30.785cm ang=62.26deg z=58.13cm tg=1.000 mode=1 conf=0.000 lost=34 L=4.111 R=4.516 expx=159.00 bmask=1 red=0.00 blk=0.00 bp=0.17 sym=62.9 lock=0 cq=0.00
th=120 steer=11.00 ex=30.785cm ang=62.26deg z=58.13cm tg=1.000 mode=1 conf=0.000 lost=42 L=4.111 R=4.516 expx=159.00 bmask=1 red=0.00 blk=0.00 bp=0.08 sym=64.8 lock=0 cq=0.00
th=120 steer=11.00 ex=30.785cm ang=62.26deg z=58.13cm tg=1.000 mode=1 conf=0.000 lost=50 L=4.111 R=4.516 expx=159.00 bmask=1 red=0.00 blk=0.00 bp=0.08 sym=64.5 lock=0 cq=0.00
th=120 steer=11.00 ex=30.785cm ang=62.26deg z=58.13cm tg=1.000 mode=1 conf=0.000 lost=58 L=4.111 R=4.516 expx=159.00 bmask=1 red=0.00 blk=0.00 bp=0.17 sym=64.5 lock=0 cq=0.00
th=120 steer=11.00 ex=30.785cm ang=62.26deg z=58.13cm tg=1.000 mode=1 conf=0.000 lost=66 L=4.111 R=4.516 expx=159.00 bmask=1 red=0.00 blk=0.00 bp=0.00 sym=0.0 lock=0 cq=0.00
th=120 steer=11.00 ex=30.785cm ang=62.26deg z=58.13cm tg=1.000 mode=1 conf=0.000 lost=74 L=4.111 R=4.516 expx=159.00 bmask=1 red=0.00 blk=0.00 bp=0.17 sym=68.1 lock=0 cq=0.00
th=120 steer=11.00 ex=30.785cm ang=62.26deg z=58.13cm tg=1.000 mode=1 conf=0.000 lost=82 L=4.111 R=4.516 expx=159.00 bmask=1 red=0.00 blk=0.00 bp=0.17 sym=70.8 lock=0 cq=0.00
th=120 steer=-36.25 ex=45.739cm ang=0.00deg z=58.52cm tg=1.000 mode=1 conf=0.000 lost=4 L=3.267 R=1.933 expx=149.46 bmask=1 red=0.00 blk=0.00 bp=0.08 sym=63.8 lock=0 cq=0.00
th=120 steer=11.00 ex=45.739cm ang=0.00deg z=58.52cm tg=1.000 mode=1 conf=0.000 lost=12 L=4.111 R=4.516 expx=149.46 bmask=1 red=0.00 blk=0.00 bp=0.00 sym=0.0 lock=0 cq=0.00
th=120 steer=11.00 ex=45.739cm ang=0.00deg z=58.52cm tg=1.000 mode=1 conf=0.000 lost=20 L=4.111 R=4.516 expx=149.46 bmask=1 red=0.00 blk=0.00 bp=0.08 sym=64.2 lock=0 cq=0.00
th=120 steer=11.00 ex=45.739cm ang=0.00deg z=58.52cm tg=1.000 mode=1 conf=0.000 lost=28 L=4.111 R=4.516 expx=149.46 bmask=1 red=0.00 blk=0.00 bp=0.17 sym=65.8 lock=0 cq=0.00
th=120 steer=-42.11 ex=45.626cm ang=-40.26deg z=33.72cm tg=1.000 mode=1 conf=0.069 lost=0 L=3.375 R=1.825 expx=149.09 bmask=3 red=0.00 blk=0.00 bp=0.17 sym=68.9 lock=0 cq=0.00
th=120 steer=11.00 ex=45.626cm ang=-40.26deg z=33.72cm tg=1.000 mode=1 conf=0.000 lost=8 L=4.111 R=4.516 expx=149.09 bmask=3 red=0.00 blk=0.00 bp=0.00 sym=0.0 lock=0 cq=0.00
th=120 steer=11.00 ex=45.626cm ang=-40.26deg z=33.72cm tg=1.000 mode=1 conf=0.000 lost=16 L=4.111 R=4.516 expx=149.09 bmask=3 red=0.00 blk=0.00 bp=0.00 sym=0.0 lock=0 cq=0.00
th=120 steer=11.00 ex=45.626cm ang=-40.26deg z=33.72cm tg=1.000 mode=1 conf=0.000 lost=24 L=4.111 R=4.516 expx=149.09 bmask=3 red=0.00 blk=0.00 bp=0.08 sym=62.8 lock=0 cq=0.00
th=120 steer=11.00 ex=45.626cm ang=-40.26deg z=33.72cm tg=1.000 mode=1 conf=0.000 lost=32 L=4.111 R=4.516 expx=149.09 bmask=3 red=0.00 blk=0.00 bp=0.17 sym=65.1 lock=0 cq=0.00
th=120 steer=11.00 ex=45.626cm ang=-40.26deg z=33.72cm tg=1.000 mode=1 conf=0.000 lost=40 L=4.111 R=4.516 expx=149.09 bmask=3 red=0.00 blk=0.00 bp=0.17 sym=67.9 lock=0 cq=0.00
th=120 steer=-36.25 ex=45.630cm ang=0.00deg z=58.13cm tg=1.000 mode=1 conf=0.000 lost=6 L=3.267 R=1.933 expx=149.10 bmask=1 red=0.00 blk=0.00 bp=0.00 sym=0.0 lock=0 cq=0.00
th=120 steer=11.00 ex=45.630cm ang=0.00deg z=58.13cm tg=1.000 mode=1 conf=0.000 lost=14 L=4.111 R=4.516 expx=149.10 bmask=1 red=0.00 blk=0.00 bp=0.00 sym=0.0 lock=0 cq=0.00
th=120 steer=11.00 ex=45.630cm ang=0.00deg z=58.13cm tg=1.000 mode=1 conf=0.000 lost=22 L=4.111 R=4.516 expx=149.10 bmask=1 red=0.00 blk=0.00 bp=0.08 sym=63.2 lock=0 cq=0.00
th=120 steer=11.00 ex=45.630cm ang=0.00deg z=58.13cm tg=1.000 mode=1 conf=0.000 lost=30 L=4.111 R=4.516 expx=149.10 bmask=1 red=0.00 blk=0.00 bp=0.25 sym=67.0 lock=0 cq=0.00
th=120 steer=20.82 ex=6.183cm ang=-68.93deg z=58.52cm tg=1.000 mode=1 conf=0.000 lost=4 L=3.243 R=4.009 expx=20.20 bmask=1 red=0.00 blk=0.00 bp=0.17 sym=71.8 lock=0 cq=0.00
th=120 steer=11.00 ex=6.183cm ang=-68.93deg z=58.52cm tg=1.000 mode=1 conf=0.000 lost=12 L=4.111 R=4.516 expx=20.20 bmask=1 red=0.00 blk=0.00 bp=0.08 sym=77.8 lock=0 cq=0.00
th=120 steer=11.00 ex=6.183cm ang=-68.93deg z=58.52cm tg=1.000 mode=1 conf=0.000 lost=20 L=4.210 R=4.615 expx=20.20 bmask=1 red=0.00 blk=0.00 bp=0.67 sym=63.8 lock=0 cq=0.17
th=120 steer=-12.38 ex=8.223cm ang=59.44deg z=59.72cm tg=0.107 mode=1 conf=0.167 lost=0 L=4.729 R=4.274 expx=26.87 bmask=1 red=0.00 blk=0.31 bp=1.00 sym=17.0 lock=0 cq=0.75
th=120 steer=-18.48 ex=8.289cm ang=70.02deg z=60.54cm tg=1.000 mode=1 conf=0.000 lost=5 L=4.520 R=3.840 expx=27.08 bmask=1 red=0.00 blk=0.00 bp=0.83 sym=0.2 lock=1 cq=0.76
th=120 steer=11.00 ex=8.289cm ang=70.02deg z=60.54cm tg=1.000 mode=1 conf=0.000 lost=13 L=4.260 R=4.665 expx=27.08 bmask=1 red=0.00 blk=0.00 bp=0.58 sym=-10.0 lock=1 cq=0.25
th=120 steer=11.00 ex=8.289cm ang=70.02deg z=60.54cm tg=1.000 mode=1 conf=0.000 lost=21 L=4.111 R=4.516 expx=27.08 bmask=1 red=0.00 blk=0.00 bp=0.17 sym=-104.0 lock=0 cq=0.00
th=120 steer=11.00 ex=8.289cm ang=70.02deg z=60.54cm tg=1.000 mode=1 conf=0.000 lost=29 L=4.111 R=4.516 expx=27.08 bmask=1 red=0.00 blk=0.00 bp=0.00 sym=0.0 lock=0 cq=0.00
th=120 steer=11.00 ex=8.289cm ang=70.02deg z=60.54cm tg=1.000 mode=1 conf=0.000 lost=37 L=4.111 R=4.516 expx=27.08 bmask=1 red=0.00 blk=0.00 bp=0.00 sym=0.0 lock=0 cq=0.00
th=115 steer=11.00 ex=8.289cm ang=70.02deg z=60.54cm tg=1.000 mode=1 conf=0.000 lost=45 L=4.111 R=4.516 expx=27.08 bmask=1 red=0.00 blk=0.00 bp=0.00 sym=0.0 lock=0 cq=0.00
th=115 steer=11.00 ex=8.289cm ang=70.02deg z=60.54cm tg=1.000 mode=1 conf=0.000 lost=53 L=4.111 R=4.516 expx=27.08 bmask=1 red=0.00 blk=0.00 bp=0.00 sym=0.0 lock=0 cq=0.00
th=115 steer=11.00 ex=8.289cm ang=70.02deg z=60.54cm tg=1.000 mode=1 conf=0.000 lost=61 L=4.111 R=4.516 expx=27.08 bmask=1 red=0.00 blk=0.00 bp=0.00 sym=0.0 lock=0 cq=0.00
th=115 steer=11.00 ex=8.289cm ang=70.02deg z=60.54cm tg=1.000 mode=1 conf=0.000 lost=69 L=4.111 R=4.516 expx=27.08 bmask=1 red=0.00 blk=0.00 bp=0.00 sym=0.0 lock=0 cq=0.00
th=72 steer=11.00 ex=8.289cm ang=70.02deg z=60.54cm tg=1.000 mode=1 conf=0.000 lost=77 L=4.111 R=4.516 expx=27.08 bmask=1 red=0.00 blk=0.00 bp=0.00 sym=0.0 lock=0 cq=0.00
th=72 steer=11.00 ex=8.289cm ang=70.02deg z=60.54cm tg=1.000 mode=1 conf=0.000 lost=85 L=4.111 R=4.516 expx=27.08 bmask=1 red=0.00 blk=0.00 bp=0.00 sym=0.0 lock=0 cq=0.00
th=72 steer=11.00 ex=8.289cm ang=70.02deg z=60.54cm tg=1.000 mode=1 conf=0.000 lost=93 L=4.111 R=4.516 expx=27.08 bmask=1 red=0.00 blk=0.00 bp=0.00 sym=0.0 lock=0 cq=0.00
th=72 steer=11.00 ex=8.289cm ang=70.02deg z=60.54cm tg=1.000 mode=1 conf=0.000 lost=101 L=4.111 R=4.516 expx=27.08 bmask=1 red=0.00 blk=0.00 bp=0.00 sym=0.0 lock=0 cq=0.00
th=72 steer=11.00 ex=8.289cm ang=70.02deg z=60.54cm tg=1.000 mode=1 conf=0.000 lost=109 L=4.111 R=4.516 expx=27.08 bmask=1 red=0.00 blk=0.00 bp=0.00 sym=0.0 lock=0 cq=0.00
th=72 steer=11.00 ex=8.289cm ang=70.02deg z=60.54cm tg=1.000 mode=1 conf=0.000 lost=117 L=4.111 R=4.516 expx=27.08 bmask=1 red=0.00 blk=0.00 bp=0.00 sym=0.0 lock=0 cq=0.00
th=72 steer=11.00 ex=8.289cm ang=70.02deg z=60.54cm tg=1.000 mode=1 conf=0.000 lost=125 L=4.111 R=4.516 expx=27.08 bmask=1 red=0.00 blk=0.00 bp=0.00 sym=0.0 lock=0 cq=0.00
th=72 steer=11.00 ex=8.289cm ang=70.02deg z=60.54cm tg=1.000 mode=1 conf=0.000 lost=133 L=4.111 R=4.516 expx=27.08 bmask=1 red=0.00 blk=0.00 bp=0.00 sym=0.0 lock=0 cq=0.00
th=72 steer=11.00 ex=8.289cm ang=70.02deg z=60.54cm tg=1.000 mode=1 conf=0.000 lost=141 L=4.111 R=4.516 expx=27.08 bmask=1 red=0.00 blk=0.00 bp=0.00 sym=0.0 lock=0 cq=0.00
th=72 steer=11.00 ex=8.289cm ang=70.02deg z=60.54cm tg=1.000 mode=1 conf=0.000 lost=149 L=4.111 R=4.516 expx=27.08 bmask=1 red=0.00 blk=0.00 bp=0.00 sym=0.0 lock=0 cq=0.00
th=72 steer=11.00 ex=8.289cm ang=70.02deg z=60.54cm tg=1.000 mode=1 conf=0.000 lost=157 L=4.111 R=4.516 expx=27.08 bmask=1 red=0.00 blk=0.00 bp=0.00 sym=0.0 lock=0 cq=0.00
th=72 steer=11.00 ex=8.289cm ang=70.02deg z=60.54cm tg=1.000 mode=1 conf=0.000 lost=165 L=4.111 R=4.516 expx=27.08 bmask=1 red=0.00 blk=0.00 bp=0.00 sym=0.0 lock=0 cq=0.00
th=72 steer=11.00 ex=8.289cm ang=70.02deg z=60.54cm tg=1.000 mode=1 conf=0.000 lost=173 L=4.111 R=4.516 expx=27.08 bmask=1 red=0.00 blk=0.00 bp=0.00 sym=0.0 lock=0 cq=0.00
th=72 steer=11.00 ex=8.289cm ang=70.02deg z=60.54cm tg=1.000 mode=1 conf=0.000 lost=181 L=4.111 R=4.516 expx=27.08 bmask=1 red=0.00 blk=0.00 bp=0.00 sym=0.0 lock=0 cq=0.00
th=72 steer=11.00 ex=8.289cm ang=70.02deg z=60.54cm tg=1.000 mode=1 conf=0.000 lost=189 L=4.111 R=4.516 expx=27.08 bmask=1 red=0.00 blk=0.00 bp=0.00 sym=0.0 lock=0 cq=0.00
th=72 steer=11.00 ex=8.289cm ang=70.02deg z=60.54cm tg=1.000 mode=1 conf=0.000 lost=197 L=4.111 R=4.516 expx=27.08 bmask=1 red=0.00 blk=0.00 bp=0.00 sym=0.0 lock=0 cq=0.00
th=72 steer=11.00 ex=8.289cm ang=70.02deg z=60.54cm tg=1.000 mode=1 conf=0.000 lost=205 L=4.111 R=4.516 expx=27.08 bmask=1 red=0.00 blk=0.00 bp=0.00 sym=0.0 lock=0 cq=0.00
th=72 steer=11.00 ex=8.289cm ang=70.02deg z=60.54cm tg=1.000 mode=1 conf=0.000 lost=213 L=4.111 R=4.516 expx=27.08 bmask=1 red=0.00 blk=0.00 bp=0.00 sym=0.0 lock=0 cq=0.00
th=72 steer=11.00 ex=8.289cm ang=70.02deg z=60.54cm tg=1.000 mode=1 conf=0.000 lost=221 L=4.111 R=4.516 expx=27.08 bmask=1 red=0.00 blk=0.00 bp=0.00 sym=0.0 lock=0 cq=0.00
th=72 steer=11.00 ex=8.289cm ang=70.02deg z=60.54cm tg=1.000 mode=1 conf=0.000 lost=229 L=4.111 R=4.516 expx=27.08 bmask=1 red=0.00 blk=0.00 bp=0.00 sym=0.0 lock=0 cq=0.00
th=72 steer=11.00 ex=8.289cm ang=70.02deg z=60.54cm tg=1.000 mode=1 conf=0.000 lost=237 L=4.111 R=4.516 expx=27.08 bmask=1 red=0.00 blk=0.00 bp=0.00 sym=0.0 lock=0 cq=0.00
th=72 steer=11.00 ex=8.289cm ang=70.02deg z=60.54cm tg=1.000 mode=1 conf=0.000 lost=245 L=4.111 R=4.516 expx=27.08 bmask=1 red=0.00 blk=0.00 bp=0.00 sym=0.0 lock=0 cq=0.00
th=72 steer=11.00 ex=8.289cm ang=70.02deg z=60.54cm tg=1.000 mode=1 conf=0.000 lost=253 L=4.111 R=4.516 expx=27.08 bmask=1 red=0.00 blk=0.00 bp=0.00 sym=0.0 lock=0 cq=0.00
th=72 steer=11.00 ex=8.289cm ang=70.02deg z=60.54cm tg=1.000 mode=1 conf=0.000 lost=261 L=4.111 R=4.516 expx=27.08 bmask=1 red=0.00 blk=0.00 bp=0.00 sym=0.0 lock=0 cq=0.00
th=72 steer=11.00 ex=8.289cm ang=70.02deg z=60.54cm tg=1.000 mode=1 conf=0.000 lost=269 L=4.111 R=4.516 expx=27.08 bmask=1 red=0.00 blk=0.00 bp=0.00 sym=0.0 lock=0 cq=0.00
th=72 steer=11.00 ex=8.289cm ang=70.02deg z=60.54cm tg=1.000 mode=1 conf=0.000 lost=277 L=4.111 R=4.516 expx=27.08 bmask=1 red=0.00 blk=0.00 bp=0.00 sym=0.0 lock=0 cq=0.00
th=72 steer=11.00 ex=8.289cm ang=70.02deg z=60.54cm tg=1.000 mode=1 conf=0.000 lost=285 L=4.111 R=4.516 expx=27.08 bmask=1 red=0.00 blk=0.00 bp=0.00 sym=0.0 lock=0 cq=0.00
th=115 steer=11.00 ex=8.289cm ang=70.02deg z=60.54cm tg=1.000 mode=1 conf=0.000 lost=293 L=4.111 R=4.516 expx=27.08 bmask=1 red=0.00 blk=0.00 bp=0.00 sym=0.0 lock=0 cq=0.00
th=115 steer=11.00 ex=8.289cm ang=70.02deg z=60.54cm tg=1.000 mode=1 conf=0.000 lost=301 L=4.111 R=4.516 expx=27.08 bmask=1 red=0.00 blk=0.00 bp=0.00 sym=0.0 lock=0 cq=0.00
th=120 steer=11.00 ex=8.289cm ang=70.02deg z=60.54cm tg=1.000 mode=1 conf=0.000 lost=309 L=4.111 R=4.516 expx=27.08 bmask=1 red=0.00 blk=0.00 bp=0.00 sym=0.0 lock=0 cq=0.00
th=120 steer=11.00 ex=8.289cm ang=70.02deg z=60.54cm tg=1.000 mode=1 conf=0.000 lost=317 L=4.111 R=4.516 expx=27.08 bmask=1 red=0.00 blk=0.00 bp=0.00 sym=0.0 lock=0 cq=0.00
th=120 steer=11.00 ex=8.289cm ang=70.02deg z=60.54cm tg=1.000 mode=1 conf=0.000 lost=325 L=4.111 R=4.516 expx=27.08 bmask=1 red=0.00 blk=0.00 bp=0.00 sym=0.0 lock=0 cq=0.00
th=120 steer=11.00 ex=8.289cm ang=70.02deg z=60.54cm tg=1.000 mode=1 conf=0.000 lost=333 L=4.111 R=4.516 expx=27.08 bmask=1 red=0.00 blk=0.00 bp=0.00 sym=0.0 lock=0 cq=0.00
th=120 steer=11.00 ex=8.289cm ang=70.02deg z=60.54cm tg=1.000 mode=1 conf=0.000 lost=341 L=4.111 R=4.516 expx=27.08 bmask=1 red=0.00 blk=0.00 bp=0.00 sym=0.0 lock=0 cq=0.00
th=120 steer=11.00 ex=8.289cm ang=70.02deg z=60.54cm tg=1.000 mode=1 conf=0.000 lost=349 L=4.111 R=4.516 expx=27.08 bmask=1 red=0.00 blk=0.00 bp=0.00 sym=0.0 lock=0 cq=0.00
th=120 steer=11.00 ex=8.289cm ang=70.02deg z=60.54cm tg=1.000 mode=1 conf=0.000 lost=357 L=4.111 R=4.516 expx=27.08 bmask=1 red=0.00 blk=0.00 bp=0.00 sym=0.0 lock=0 cq=0.00
th=120 steer=11.00 ex=8.289cm ang=70.02deg z=60.54cm tg=1.000 mode=1 conf=0.000 lost=365 L=4.111 R=4.516 expx=27.08 bmask=1 red=0.00 blk=0.00 bp=0.00 sym=0.0 lock=0 cq=0.00
th=120 steer=11.00 ex=8.289cm ang=70.02deg z=60.54cm tg=1.000 mode=1 conf=0.000 lost=373 L=4.111 R=4.516 expx=27.08 bmask=1 red=0.00 blk=0.00 bp=0.00 sym=0.0 lock=0 cq=0.00
th=120 steer=11.00 ex=8.289cm ang=70.02deg z=60.54cm tg=1.000 mode=1 conf=0.000 lost=381 L=4.111 R=4.516 expx=27.08 bmask=1 red=0.00 blk=0.00 bp=0.00 sym=0.0 lock=0 cq=0.00
th=120 steer=11.00 ex=8.289cm ang=70.02deg z=60.54cm tg=1.000 mode=1 conf=0.000 lost=389 L=4.111 R=4.516 expx=27.08 bmask=1 red=0.00 blk=0.00 bp=0.00 sym=0.0 lock=0 cq=0.00
th=120 steer=11.00 ex=8.289cm ang=70.02deg z=60.54cm tg=1.000 mode=1 conf=0.000 lost=397 L=4.111 R=4.516 expx=27.08 bmask=1 red=0.00 blk=0.00 bp=0.00 sym=0.0 lock=0 cq=0.00
th=120 steer=11.00 ex=8.289cm ang=70.02deg z=60.54cm tg=1.000 mode=1 conf=0.000 lost=405 L=4.111 R=4.516 expx=27.08 bmask=1 red=0.00 blk=0.00 bp=0.00 sym=0.0 lock=0 cq=0.00
th=120 steer=11.00 ex=8.289cm ang=70.02deg z=60.54cm tg=1.000 mode=1 conf=0.000 lost=413 L=4.111 R=4.516 expx=27.08 bmask=1 red=0.00 blk=0.00 bp=0.00 sym=0.0 lock=0 cq=0.00
th=120 steer=11.00 ex=8.289cm ang=70.02deg z=60.54cm tg=1.000 mode=1 conf=0.000 lost=421 L=4.111 R=4.516 expx=27.08 bmask=1 red=0.00 blk=0.00 bp=0.00 sym=0.0 lock=0 cq=0.00
th=120 steer=11.00 ex=8.289cm ang=70.02deg z=60.54cm tg=1.000 mode=1 conf=0.000 lost=429 L=4.111 R=4.516 expx=27.08 bmask=1 red=0.00 blk=0.00 bp=0.00 sym=0.0 lock=0 cq=0.00
th=120 steer=11.00 ex=8.289cm ang=70.02deg z=60.54cm tg=1.000 mode=1 conf=0.000 lost=437 L=4.111 R=4.516 expx=27.08 bmask=1 red=0.00 blk=0.00 bp=0.00 sym=0.0 lock=0 cq=0.00
th=120 steer=11.00 ex=8.289cm ang=70.02deg z=60.54cm tg=1.000 mode=1 conf=0.000 lost=445 L=4.111 R=4.516 expx=27.08 bmask=1 red=0.00 blk=0.00 bp=0.00 sym=0.0 lock=0 cq=0.00
th=120 steer=11.00 ex=8.289cm ang=70.02deg z=60.54cm tg=1.000 mode=1 conf=0.000 lost=453 L=4.111 R=4.516 expx=27.08 bmask=1 red=0.00 blk=0.00 bp=0.00 sym=0.0 lock=0 cq=0.00
th=120 steer=11.00 ex=8.289cm ang=70.02deg z=60.54cm tg=1.000 mode=1 conf=0.000 lost=461 L=4.111 R=4.516 expx=27.08 bmask=1 red=0.00 blk=0.00 bp=0.00 sym=0.0 lock=0 cq=0.00
th=120 steer=26.34 ex=-4.471cm ang=-60.20deg z=18.94cm tg=1.000 mode=1 conf=0.293 lost=0 L=3.036 R=4.005 expx=-40.11 bmask=6 red=0.00 blk=0.00 bp=0.00 sym=0.0 lock=0 cq=0.00
th=120 steer=-20.46 ex=5.873cm ang=-55.61deg z=18.94cm tg=1.000 mode=1 conf=0.200 lost=0 L=3.824 R=3.071 expx=32.00 bmask=7 red=0.00 blk=0.38 bp=0.00 sym=0.0 lock=0 cq=0.00
th=120 steer=-19.80 ex=7.234cm ang=-53.44deg z=18.94cm tg=1.000 mode=1 conf=0.207 lost=0 L=3.944 R=3.215 expx=41.00 bmask=7 red=0.00 blk=0.31 bp=0.00 sym=0.0 lock=0 cq=0.00
th=120 steer=0.81 ex=2.194cm ang=-66.42deg z=18.94cm tg=1.000 mode=1 conf=0.293 lost=0 L=5.450 R=5.480 expx=10.87 bmask=6 red=0.00 blk=0.00 bp=0.00 sym=0.0 lock=0 cq=0.00
th=120 steer=-13.68 ex=6.685cm ang=-51.10deg z=18.94cm tg=1.000 mode=1 conf=0.206 lost=0 L=4.736 R=4.233 expx=33.50 bmask=7 red=0.00 blk=0.00 bp=0.00 sym=0.0 lock=0 cq=0.00
th=120 steer=12.27 ex=0.763cm ang=-55.79deg z=18.94cm tg=1.000 mode=1 conf=0.294 lost=0 L=4.367 R=4.818 expx=-2.51 bmask=6 red=0.00 blk=0.00 bp=0.00 sym=0.0 lock=0 cq=0.00
th=120 steer=-24.41 ex=8.938cm ang=-47.10deg z=18.94cm tg=1.000 mode=1 conf=0.205 lost=0 L=4.117 R=3.218 expx=50.00 bmask=7 red=0.00 blk=0.00 bp=0.00 sym=0.0 lock=0 cq=0.00
th=120 steer=-20.01 ex=7.164cm ang=22.37deg z=18.94cm tg=1.000 mode=1 conf=0.000 lost=1 L=4.051 R=3.314 expx=37.00 bmask=7 red=0.00 blk=0.00 bp=0.00 sym=0.0 lock=0 cq=0.00
th=120 steer=8.40 ex=0.116cm ang=-41.09deg z=18.94cm tg=1.000 mode=1 conf=0.278 lost=0 L=4.732 R=5.041 expx=-8.22 bmask=6 red=0.00 blk=0.00 bp=0.00 sym=0.0 lock=0 cq=0.00
th=120 steer=-17.41 ex=8.132cm ang=-32.10deg z=18.94cm tg=0.281 mode=0 conf=0.194 lost=0 L=4.521 R=3.881 expx=42.00 bmask=7 red=0.00 blk=0.00 bp=0.00 sym=0.0 lock=0 cq=0.00
th=120 steer=9.57 ex=-2.676cm ang=-39.99deg z=18.94cm tg=1.000 mode=1 conf=0.281 lost=0 L=4.622 R=4.974 expx=-24.33 bmask=6 red=0.00 blk=0.00 bp=0.00 sym=0.0 lock=0 cq=0.00
th=120 steer=11.12 ex=-1.634cm ang=-38.96deg z=18.94cm tg=1.000 mode=1 conf=0.281 lost=0 L=4.475 R=4.884 expx=-18.55 bmask=6 red=0.00 blk=0.00 bp=0.00 sym=0.0 lock=0 cq=0.00
th=120 steer=9.14 ex=-2.069cm ang=-38.40deg z=18.94cm tg=1.000 mode=1 conf=0.281 lost=0 L=4.662 R=4.999 expx=-19.88 bmask=6 red=0.00 blk=0.00 bp=0.00 sym=0.0 lock=0 cq=0.00
th=120 steer=-23.49 ex=10.987cm ang=-28.49deg z=18.94cm tg=0.713 mode=0 conf=0.197 lost=0 L=4.170 R=3.306 expx=53.00 bmask=7 red=0.00 blk=0.00 bp=0.00 sym=0.0 lock=0 cq=0.00
th=120 steer=5.53 ex=-1.804cm ang=-37.06deg z=18.94cm tg=1.000 mode=1 conf=0.282 lost=0 L=5.004 R=5.207 expx=-16.31 bmask=6 red=0.00 blk=0.00 bp=0.00 sym=0.0 lock=0 cq=0.00
th=120 steer=-33.50 ex=12.648cm ang=-27.56deg z=18.94cm tg=1.000 mode=1 conf=0.199 lost=0 L=3.592 R=2.360 expx=68.00 bmask=7 red=0.00 blk=0.00 bp=0.00 sym=0.0 lock=0 cq=0.00
th=120 steer=4.08 ex=-1.509cm ang=-35.40deg z=18.94cm tg=1.000 mode=1 conf=0.286 lost=0 L=5.141 R=5.291 expx=-13.57 bmask=6 red=0.00 blk=0.00 bp=0.00 sym=0.0 lock=0 cq=0.00
th=120 steer=2.20 ex=-0.925cm ang=-35.04deg z=18.94cm tg=1.000 mode=1 conf=0.286 lost=0 L=5.319 R=5.400 expx=-8.89 bmask=6 red=0.00 blk=0.00 bp=0.00 sym=0.0 lock=0 cq=0.00
th=120 steer=-0.82 ex=-0.694cm ang=-34.32deg z=18.94cm tg=1.000 mode=1 conf=0.287 lost=0 L=5.479 R=5.449 expx=-6.22 bmask=6 red=0.00 blk=0.00 bp=0.00 sym=0.0 lock=0 cq=0.00
th=120 steer=18.11 ex=-10.726cm ang=-48.80deg z=18.94cm tg=1.000 mode=1 conf=0.229 lost=0 L=3.814 R=4.480 expx=-60.00 bmask=7 red=0.00 blk=0.00 bp=0.00 sym=0.0 lock=0 cq=0.00
th=120 steer=17.74 ex=-12.927cm ang=-36.22deg z=18.94cm tg=1.000 mode=1 conf=0.304 lost=0 L=3.849 R=4.502 expx=-69.50 bmask=7 red=0.00 blk=0.00 bp=0.00 sym=0.0 lock=0 cq=0.00
th=120 steer=6.32 ex=-13.690cm ang=-36.12deg z=18.94cm tg=1.000 mode=1 conf=0.306 lost=0 L=4.929 R=5.161 expx=-44.73 bmask=7 red=0.00 blk=0.00 bp=0.33 sym=64.6 lock=0 cq=0.00
th=120 steer=27.84 ex=-14.684cm ang=-48.14deg z=18.94cm tg=1.000 mode=1 conf=0.330 lost=0 L=2.894 R=3.919 expx=-47.98 bmask=7 red=0.00 blk=0.00 bp=0.33 sym=-62.0 lock=0 cq=0.00
th=120 steer=15.70 ex=-9.828cm ang=-48.46deg z=18.94cm tg=1.000 mode=1 conf=0.345 lost=0 L=4.042 R=4.620 expx=-32.11 bmask=7 red=0.00 blk=0.00 bp=0.42 sym=-53.2 lock=0 cq=0.00
th=97 steer=7.22 ex=-2.753cm ang=-51.63deg z=18.94cm tg=1.000 mode=1 conf=0.229 lost=0 L=4.844 R=5.109 expx=-14.50 bmask=7 red=0.00 blk=0.00 bp=0.00 sym=0.0 lock=0 cq=0.00
th=98 steer=1.04 ex=-0.333cm ang=-50.92deg z=18.94cm tg=1.000 mode=1 conf=0.229 lost=0 L=5.428 R=5.466 expx=-1.75 bmask=7 red=0.00 blk=0.00 bp=0.00 sym=0.0 lock=0 cq=0.00
th=99 steer=-3.58 ex=1.754cm ang=-49.43deg z=18.94cm tg=1.000 mode=1 conf=0.250 lost=0 L=5.320 R=5.188 expx=9.25 bmask=7 red=0.00 blk=0.00 bp=0.00 sym=0.0 lock=0 cq=0.00
th=98 steer=-6.29 ex=3.557cm ang=-47.51deg z=18.94cm tg=0.662 mode=0 conf=0.260 lost=0 L=5.163 R=4.932 expx=18.75 bmask=7 red=0.00 blk=0.00 bp=0.00 sym=0.0 lock=0 cq=0.00
th=99 steer=-8.27 ex=4.885cm ang=-45.49deg z=18.94cm tg=0.194 mode=0 conf=0.274 lost=0 L=5.049 R=4.745 expx=25.75 bmask=7 red=0.00 blk=0.00 bp=0.00 sym=0.0 lock=0 cq=0.00
th=99 steer=-11.02 ex=6.024cm ang=-43.15deg z=18.94cm tg=0.338 mode=0 conf=0.280 lost=0 L=4.890 R=4.485 expx=31.75 bmask=7 red=0.00 blk=0.00 bp=0.00 sym=0.0 lock=0 cq=0.00
th=100 steer=-12.49 ex=6.593cm ang=-40.01deg z=18.94cm tg=0.869 mode=0 conf=0.283 lost=0 L=4.805 R=4.346 expx=34.75 bmask=7 red=0.00 blk=0.00 bp=0.00 sym=0.0 lock=0 cq=0.00
th=98 steer=-15.28 ex=6.736cm ang=-36.38deg z=18.94cm tg=1.000 mode=1 conf=0.288 lost=0 L=4.644 R=4.082 expx=35.50 bmask=7 red=0.00 blk=0.00 bp=0.00 sym=0.0 lock=0 cq=0.00
th=98 steer=-15.35 ex=6.546cm ang=-32.10deg z=18.94cm tg=1.000 mode=1 conf=0.287 lost=0 L=4.640 R=4.075 expx=34.50 bmask=7 red=0.00 blk=0.00 bp=0.00 sym=0.0 lock=0 cq=0.00
th=98 steer=-15.14 ex=6.214cm ang=-27.66deg z=18.94cm tg=1.000 mode=1 conf=0.287 lost=0 L=4.652 R=4.095 expx=32.75 bmask=7 red=0.00 blk=0.00 bp=0.00 sym=0.0 lock=0 cq=0.00
th=96 steer=-14.63 ex=5.740cm ang=-22.69deg z=18.94cm tg=1.000 mode=1 conf=0.270 lost=0 L=4.682 R=4.143 expx=30.25 bmask=7 red=0.00 blk=0.00 bp=0.00 sym=0.0 lock=0 cq=0.00
th=120 steer=-14.43 ex=3.988cm ang=-10.08deg z=18.94cm tg=1.000 mode=1 conf=0.469 lost=0 L=4.871 R=4.340 expx=13.03 bmask=7 red=0.00 blk=0.00 bp=0.25 sym=3.8 lock=0 cq=0.30
th=120 steer=-10.92 ex=2.391cm ang=-9.71deg z=18.94cm tg=1.000 mode=1 conf=0.482 lost=0 L=5.101 R=4.700 expx=7.81 bmask=7 red=0.00 blk=0.00 bp=0.42 sym=2.0 lock=0 cq=0.32
th=120 steer=-10.06 ex=1.034cm ang=-7.26deg z=18.94cm tg=1.000 mode=1 conf=0.681 lost=0 L=5.346 R=4.975 expx=3.38 bmask=7 red=0.00 blk=0.00 bp=0.75 sym=1.5 lock=1 cq=0.62
th=120 steer=-8.05 ex=0.969cm ang=-2.83deg z=18.94cm tg=1.000 mode=1 conf=0.467 lost=0 L=5.276 R=4.980 expx=3.17 bmask=7 red=0.00 blk=0.00 bp=0.25 sym=-2.0 lock=0 cq=0.32
th=120 steer=-6.48 ex=0.257cm ang=-0.27deg z=18.94cm tg=1.000 mode=1 conf=0.466 lost=0 L=5.367 R=5.129 expx=0.84 bmask=7 red=0.00 blk=0.00 bp=0.17 sym=-2.5 lock=0 cq=0.31
th=120 steer=-5.50 ex=0.041cm ang=0.32deg z=18.94cm tg=1.000 mode=1 conf=0.456 lost=0 L=5.414 R=5.212 expx=0.14 bmask=7 red=0.00 blk=0.00 bp=0.25 sym=-3.8 lock=0 cq=0.30
th=120 steer=-4.24 ex=-0.510cm ang=2.98deg z=18.94cm tg=1.000 mode=1 conf=0.459 lost=0 L=5.494 R=5.337 expx=-1.67 bmask=7 red=0.00 blk=0.00 bp=0.17 sym=-3.5 lock=0 cq=0.30
th=120 steer=-3.87 ex=-0.617cm ang=5.58deg z=18.94cm tg=1.000 mode=1 conf=0.453 lost=0 L=5.506 R=5.363 expx=-2.01 bmask=7 red=0.00 blk=0.00 bp=0.17 sym=-4.5 lock=0 cq=0.28
th=120 steer=-2.89 ex=-0.640cm ang=3.88deg z=18.94cm tg=1.000 mode=1 conf=0.448 lost=0 L=5.568 R=5.462 expx=-2.09 bmask=7 red=0.00 blk=0.00 bp=0.17 sym=-4.2 lock=0 cq=0.29
th=120 steer=-0.95 ex=-0.980cm ang=-8.34deg z=18.94cm tg=1.000 mode=1 conf=0.395 lost=0 L=5.683 R=5.648 expx=-3.20 bmask=7 red=0.00 blk=0.00 bp=0.25 sym=-4.5 lock=0 cq=0.28
th=120 steer=-1.40 ex=-0.741cm ang=-9.82deg z=18.94cm tg=1.000 mode=1 conf=0.362 lost=0 L=5.667 R=5.615 expx=-2.42 bmask=7 red=0.00 blk=0.00 bp=0.17 sym=-3.5 lock=0 cq=0.30
th=120 steer=-2.12 ex=-0.592cm ang=-3.11deg z=18.94cm tg=1.000 mode=1 conf=0.326 lost=0 L=5.622 R=5.544 expx=-1.94 bmask=7 red=0.00 blk=0.00 bp=0.17 sym=-3.5 lock=0 cq=0.30
th=120 steer=-1.40 ex=-0.817cm ang=-3.51deg z=18.94cm tg=1.000 mode=1 conf=0.328 lost=0 L=5.664 R=5.612 expx=-2.67 bmask=7 red=0.00 blk=0.00 bp=0.17 sym=-3.8 lock=0 cq=0.30
th=120 steer=-1.05 ex=-0.812cm ang=-2.55deg z=18.94cm tg=0.983 mode=0 conf=0.329 lost=0 L=5.686 R=5.647 expx=-2.65 bmask=7 red=0.00 blk=0.00 bp=0.17 sym=-3.6 lock=0 cq=0.30
th=120 steer=-5.01 ex=-0.664cm ang=-1.30deg z=18.94cm tg=1.000 mode=1 conf=0.128 lost=0 L=5.237 R=5.053 expx=-3.50 bmask=7 red=0.00 blk=0.00 bp=0.00 sym=0.0 lock=0 cq=0.00
th=120 steer=-0.39 ex=-1.927cm ang=29.95deg z=18.94cm tg=1.000 mode=1 conf=0.155 lost=0 L=5.712 R=5.698 expx=-6.30 bmask=7 red=0.00 blk=0.00 bp=0.25 sym=-5.0 lock=0 cq=0.28
th=120 steer=0.48 ex=-2.239cm ang=27.07deg z=19.40cm tg=1.000 mode=1 conf=0.146 lost=0 L=5.676 R=5.694 expx=-7.32 bmask=7 red=0.00 blk=0.00 bp=0.17 sym=-6.1 lock=0 cq=0.26
th=120 steer=-2.14 ex=-2.883cm ang=4.79deg z=19.87cm tg=1.000 mode=1 conf=0.128 lost=0 L=5.582 R=5.503 expx=-9.42 bmask=7 red=0.00 blk=0.00 bp=0.17 sym=-7.2 lock=0 cq=0.24
th=120 steer=-0.74 ex=-3.492cm ang=3.35deg z=20.34cm tg=1.000 mode=1 conf=0.120 lost=0 L=5.646 R=5.619 expx=-11.41 bmask=7 red=0.00 blk=0.00 bp=0.17 sym=-9.1 lock=0 cq=0.22
th=120 steer=-1.33 ex=-3.727cm ang=6.46deg z=20.03cm tg=1.000 mode=1 conf=0.127 lost=0 L=5.601 R=5.552 expx=-12.18 bmask=7 red=0.00 blk=0.00 bp=0.25 sym=-10.0 lock=0 cq=0.20
th=120 steer=1.11 ex=-4.455cm ang=3.32deg z=20.18cm tg=1.000 mode=1 conf=0.114 lost=0 L=5.557 R=5.598 expx=-14.56 bmask=7 red=0.00 blk=0.00 bp=0.25 sym=-11.5 lock=0 cq=0.18
th=120 steer=1.44 ex=-5.432cm ang=9.40deg z=19.87cm tg=1.000 mode=1 conf=0.120 lost=0 L=5.514 R=5.567 expx=-17.75 bmask=7 red=0.00 blk=0.00 bp=0.17 sym=-12.5 lock=0 cq=0.17
th=120 steer=1.91 ex=-5.070cm ang=7.19deg z=19.56cm tg=1.000 mode=1 conf=0.131 lost=0 L=5.458 R=5.528 expx=-16.57 bmask=7 red=0.00 blk=0.00 bp=0.17 sym=-13.5 lock=0 cq=0.15
th=120 steer=2.59 ex=-5.459cm ang=8.10deg z=18.94cm tg=1.000 mode=1 conf=0.146 lost=0 L=5.388 R=5.483 expx=-17.84 bmask=7 red=0.00 blk=0.00 bp=0.25 sym=-14.0 lock=0 cq=0.15
th=120 steer=3.21 ex=-5.915cm ang=8.69deg z=18.94cm tg=1.000 mode=1 conf=0.144 lost=0 L=5.323 R=5.441 expx=-19.33 bmask=7 red=0.00 blk=0.00 bp=0.25 sym=-14.5 lock=0 cq=0.14
th=120 steer=3.70 ex=-6.751cm ang=10.29deg z=18.94cm tg=1.000 mode=1 conf=0.140 lost=0 L=5.268 R=5.404 expx=-22.06 bmask=7 red=0.00 blk=0.00 bp=0.33 sym=-15.2 lock=0 cq=0.13
th=120 steer=5.93 ex=-4.134cm ang=7.58deg z=18.94cm tg=1.000 mode=1 conf=0.128 lost=0 L=4.966 R=5.184 expx=-21.62 bmask=7 red=0.00 blk=0.00 bp=0.00 sym=0.0 lock=0 cq=0.00
th=120 steer=0.54 ex=-3.534cm ang=8.41deg z=18.94cm tg=1.000 mode=1 conf=0.128 lost=0 L=5.475 R=5.495 expx=-11.55 bmask=7 red=0.00 blk=0.00 bp=0.33 sym=116.5 lock=0 cq=0.00
th=120 steer=0.79 ex=-4.548cm ang=8.89deg z=18.94cm tg=1.000 mode=1 conf=0.128 lost=0 L=5.452 R=5.481 expx=-14.86 bmask=7 red=0.00 blk=0.00 bp=0.33 sym=118.8 lock=0 cq=0.00
th=120 steer=3.30 ex=-6.123cm ang=9.42deg z=18.94cm tg=1.000 mode=1 conf=0.128 lost=0 L=5.215 R=5.336 expx=-20.01 bmask=7 red=0.00 blk=0.00 bp=0.25 sym=120.5 lock=0 cq=0.00
th=120 steer=4.23 ex=-7.240cm ang=9.84deg z=18.94cm tg=1.000 mode=1 conf=0.128 lost=0 L=5.126 R=5.282 expx=-23.66 bmask=7 red=0.00 blk=0.00 bp=0.25 sym=123.8 lock=0 cq=0.00
th=120 steer=5.14 ex=-8.228cm ang=9.53deg z=18.94cm tg=1.000 mode=1 conf=0.128 lost=0 L=5.041 R=5.230 expx=-26.89 bmask=7 red=0.00 blk=0.00 bp=0.25 sym=126.8 lock=0 cq=0.00
th=120 steer=5.43 ex=-9.080cm ang=11.90deg z=19.09cm tg=1.000 mode=1 conf=0.124 lost=0 L=5.013 R=5.213 expx=-29.67 bmask=7 red=0.00 blk=0.00 bp=0.25 sym=129.8 lock=0 cq=0.00
th=120 steer=5.72 ex=-10.061cm ang=17.00deg z=19.40cm tg=1.000 mode=1 conf=0.117 lost=0 L=4.986 R=5.196 expx=-32.87 bmask=7 red=0.00 blk=0.00 bp=0.17 sym=133.0 lock=0 cq=0.00
th=120 steer=11.27 ex=-10.061cm ang=27.48deg z=19.71cm tg=1.000 mode=1 conf=0.110 lost=0 L=4.189 R=4.603 expx=-52.88 bmask=7 red=0.00 blk=0.17 bp=0.00 sym=0.0 lock=0 cq=0.00
th=120 steer=9.03 ex=-9.891cm ang=40.02deg z=19.87cm tg=1.000 mode=1 conf=0.106 lost=0 L=4.391 R=4.723 expx=-52.12 bmask=7 red=0.00 blk=0.17 bp=0.00 sym=0.0 lock=0 cq=0.00
th=120 steer=10.48 ex=-9.814cm ang=43.67deg z=20.03cm tg=1.000 mode=1 conf=0.076 lost=0 L=4.122 R=4.508 expx=-51.88 bmask=7 red=0.00 blk=0.25 bp=0.00 sym=0.0 lock=0 cq=0.00
th=120 steer=10.80 ex=-9.369cm ang=42.01deg z=20.34cm tg=1.000 mode=1 conf=0.079 lost=0 L=3.956 R=4.354 expx=-49.38 bmask=5 red=0.00 blk=0.33 bp=0.00 sym=0.0 lock=0 cq=0.00
th=120 steer=17.50 ex=-8.136cm ang=10.07deg z=35.93cm tg=0.875 mode=0 conf=0.078 lost=0 L=3.872 R=4.516 expx=-42.88 bmask=3 red=0.00 blk=0.00 bp=0.00 sym=0.0 lock=0 cq=0.00
th=120 steer=15.88 ex=-6.808cm ang=13.83deg z=33.72cm tg=1.000 mode=1 conf=0.123 lost=0 L=4.025 R=4.609 expx=-35.88 bmask=3 red=0.00 blk=0.00 bp=0.00 sym=0.0 lock=0 cq=0.00
th=115 steer=11.98 ex=-5.811cm ang=14.50deg z=33.50cm tg=0.912 mode=0 conf=0.128 lost=0 L=4.394 R=4.835 expx=-30.88 bmask=3 red=0.00 blk=0.00 bp=0.00 sym=0.0 lock=0 cq=0.00
th=120 steer=10.61 ex=-5.195cm ang=13.48deg z=33.50cm tg=0.838 mode=0 conf=0.128 lost=0 L=4.523 R=4.914 expx=-27.38 bmask=3 red=0.00 blk=0.00 bp=0.00 sym=0.0 lock=0 cq=0.00
th=120 steer=9.66 ex=-4.720cm ang=12.82deg z=33.50cm tg=0.787 mode=0 conf=0.128 lost=0 L=4.613 R=4.968 expx=-24.88 bmask=3 red=0.00 blk=0.00 bp=0.00 sym=0.0 lock=0 cq=0.00
th=120 steer=8.91 ex=-4.341cm ang=12.18deg z=33.50cm tg=0.750 mode=0 conf=0.128 lost=0 L=4.684 R=5.012 expx=-22.88 bmask=3 red=0.00 blk=0.00 bp=0.00 sym=0.0 lock=0 cq=0.00
th=120 steer=8.31 ex=-3.982cm ang=12.04deg z=33.50cm tg=0.725 mode=0 conf=0.128 lost=0 L=4.741 R=5.047 expx=-21.38 bmask=3 red=0.00 blk=0.00 bp=0.00 sym=0.0 lock=0 cq=0.00
th=120 steer=7.64 ex=-3.819cm ang=11.79deg z=33.50cm tg=0.725 mode=0 conf=0.128 lost=0 L=4.804 R=5.085 expx=-19.88 bmask=3 red=0.00 blk=0.00 bp=0.00 sym=0.0 lock=0 cq=0.00
th=120 steer=7.23 ex=-3.629cm ang=11.49deg z=33.50cm tg=0.738 mode=0 conf=0.128 lost=0 L=4.842 R=5.109 expx=-18.88 bmask=3 red=0.00 blk=0.00 bp=0.00 sym=0.0 lock=0 cq=0.00
th=120 steer=7.02 ex=-3.487cm ang=12.09deg z=33.50cm tg=0.725 mode=0 conf=0.128 lost=0 L=4.863 R=5.121 expx=-18.38 bmask=3 red=0.00 blk=0.00 bp=0.00 sym=0.0 lock=0 cq=0.00
th=120 steer=6.84 ex=-3.392cm ang=11.85deg z=33.50cm tg=0.750 mode=0 conf=0.128 lost=0 L=4.880 R=5.132 expx=-17.88 bmask=3 red=0.00 blk=0.00 bp=0.00 sym=0.0 lock=0 cq=0.00
th=120 steer=6.80 ex=-3.322cm ang=12.52deg z=33.50cm tg=0.750 mode=0 conf=0.128 lost=0 L=4.884 R=5.134 expx=-17.88 bmask=3 red=0.00 blk=0.00 bp=0.00 sym=0.0 lock=0 cq=0.00
th=120 steer=6.54 ex=-3.254cm ang=12.72deg z=33.50cm tg=0.775 mode=0 conf=0.128 lost=0 L=4.908 R=5.149 expx=-17.38 bmask=3 red=0.00 blk=0.00 bp=0.00 sym=0.0 lock=0 cq=0.00
th=120 steer=6.49 ex=-3.297cm ang=13.28deg z=33.50cm tg=0.812 mode=0 conf=0.128 lost=0 L=4.913 R=5.151 expx=-17.38 bmask=3 red=0.00 blk=0.00 bp=0.00 sym=0.0 lock=0 cq=0.00
th=120 steer=6.52 ex=-3.271cm ang=13.13deg z=33.50cm tg=0.825 mode=0 conf=0.128 lost=0 L=4.910 R=5.150 expx=-17.38 bmask=3 red=0.00 blk=0.00 bp=0.00 sym=0.0 lock=0 cq=0.00
th=120 steer=6.43 ex=-3.297cm ang=13.99deg z=33.50cm tg=0.863 mode=0 conf=0.128 lost=0 L=4.918 R=5.155 expx=-17.38 bmask=3 red=0.00 blk=0.00 bp=0.00 sym=0.0 lock=0 cq=0.00
th=120 steer=6.69 ex=-3.338cm ang=14.17deg z=33.50cm tg=0.863 mode=0 conf=0.128 lost=0 L=4.894 R=5.140 expx=-17.88 bmask=3 red=0.00 blk=0.00 bp=0.00 sym=0.0 lock=0 cq=0.00
th=120 steer=6.65 ex=-3.367cm ang=14.08deg z=33.50cm tg=0.900 mode=0 conf=0.128 lost=0 L=4.898 R=5.142 expx=-17.88 bmask=3 red=0.00 blk=0.00 bp=0.00 sym=0.0 lock=0 cq=0.00
th=120 steer=6.48 ex=-3.344cm ang=14.94deg z=33.50cm tg=0.900 mode=0 conf=0.128 lost=0 L=4.914 R=5.152 expx=-17.88 bmask=3 red=0.00 blk=0.00 bp=0.00 sym=0.0 lock=0 cq=0.00
th=120 steer=6.24 ex=-3.300cm ang=15.02deg z=33.50cm tg=0.950 mode=0 conf=0.128 lost=0 L=4.936 R=5.166 expx=-17.38 bmask=3 red=0.00 blk=0.00 bp=0.00 sym=0.0 lock=0 cq=0.00
th=120 steer=6.25 ex=-3.338cm ang=14.58deg z=33.50cm tg=0.975 mode=0 conf=0.128 lost=0 L=4.936 R=5.166 expx=-17.38 bmask=3 red=0.00 blk=0.00 bp=0.00 sym=0.0 lock=0 cq=0.00
th=120 steer=6.54 ex=-3.346cm ang=15.18deg z=33.50cm tg=0.988 mode=0 conf=0.128 lost=0 L=4.908 R=5.149 expx=-17.88 bmask=3 red=0.00 blk=0.00 bp=0.00 sym=0.0 lock=0 cq=0.00
th=120 steer=7.01 ex=-3.322cm ang=15.80deg z=33.50cm tg=1.000 mode=1 conf=0.128 lost=0 L=4.864 R=5.122 expx=-17.38 bmask=3 red=0.00 blk=0.00 bp=0.00 sym=0.0 lock=0 cq=0.00
th=120 steer=7.15 ex=-3.278cm ang=15.66deg z=33.50cm tg=1.000 mode=1 conf=0.128 lost=0 L=4.850 R=5.113 expx=-17.38 bmask=3 red=0.00 blk=0.00 bp=0.00 sym=0.0 lock=0 cq=0.00
th=120 steer=7.14 ex=-3.271cm ang=15.72deg z=33.50cm tg=1.000 mode=1 conf=0.128 lost=0 L=4.851 R=5.114 expx=-17.38 bmask=3 red=0.00 blk=0.00 bp=0.00 sym=0.0 lock=0 cq=0.00
th=120 steer=6.75 ex=-3.253cm ang=16.29deg z=33.50cm tg=1.000 mode=1 conf=0.128 lost=0 L=4.889 R=5.137 expx=-16.88 bmask=3 red=0.00 blk=0.00 bp=0.00 sym=0.0 lock=0 cq=0.00
th=120 steer=7.11 ex=-3.278cm ang=15.87deg z=33.50cm tg=1.000 mode=1 conf=0.128 lost=0 L=4.854 R=5.116 expx=-17.38 bmask=3 red=0.00 blk=0.00 bp=0.00 sym=0.0 lock=0 cq=0.00
th=120 steer=6.61 ex=-3.139cm ang=16.56deg z=33.50cm tg=1.000 mode=1 conf=0.128 lost=0 L=4.902 R=5.145 expx=-16.50 bmask=3 red=0.00 blk=0.00 bp=0.00 sym=0.0 lock=0 cq=0.00
th=120 steer=9.53 ex=-3.969cm ang=16.20deg z=33.50cm tg=1.000 mode=1 conf=0.134 lost=0 L=4.625 R=4.976 expx=-21.00 bmask=3 red=0.00 blk=0.00 bp=0.00 sym=0.0 lock=0 cq=0.00
th=120 steer=-1.02 ex=-1.350cm ang=19.55deg z=33.50cm tg=1.000 mode=1 conf=0.134 lost=0 L=5.468 R=5.430 expx=-4.41 bmask=3 red=0.00 blk=0.00 bp=0.25 sym=125.8 lock=0 cq=0.00
th=120 steer=4.09 ex=-3.920cm ang=23.48deg z=33.50cm tg=1.000 mode=1 conf=0.127 lost=0 L=5.140 R=5.290 expx=-12.81 bmask=3 red=0.00 blk=0.00 bp=0.33 sym=122.2 lock=0 cq=0.00
th=120 steer=3.98 ex=-4.592cm ang=27.04deg z=33.93cm tg=1.000 mode=1 conf=0.120 lost=0 L=5.150 R=5.297 expx=-15.00 bmask=3 red=0.00 blk=0.00 bp=0.42 sym=122.5 lock=0 cq=0.00
th=120 steer=7.69 ex=-5.890cm ang=18.27deg z=34.15cm tg=1.000 mode=1 conf=0.125 lost=0 L=4.799 R=5.082 expx=-19.25 bmask=3 red=0.00 blk=0.00 bp=0.42 sym=112.2 lock=0 cq=0.00
th=120 steer=9.81 ex=-7.209cm ang=21.90deg z=34.15cm tg=1.000 mode=1 conf=0.118 lost=0 L=4.599 R=4.960 expx=-23.55 bmask=3 red=0.00 blk=0.00 bp=0.33 sym=109.5 lock=0 cq=0.00
th=120 steer=6.65 ex=-6.103cm ang=18.11deg z=33.72cm tg=1.000 mode=1 conf=0.123 lost=0 L=4.898 R=5.142 expx=-19.94 bmask=3 red=0.00 blk=0.00 bp=0.33 sym=111.0 lock=0 cq=0.00
th=120 steer=14.11 ex=-9.972cm ang=20.35deg z=33.50cm tg=1.000 mode=1 conf=0.135 lost=0 L=4.200 R=4.719 expx=-32.58 bmask=3 red=0.00 blk=0.00 bp=0.25 sym=-23.2 lock=0 cq=0.01
th=120 steer=12.75 ex=-8.943cm ang=17.60deg z=33.50cm tg=1.000 mode=1 conf=0.133 lost=0 L=4.330 R=4.799 expx=-29.22 bmask=3 red=0.00 blk=0.00 bp=0.25 sym=-23.0 lock=0 cq=0.01
th=120 steer=11.15 ex=-5.301cm ang=14.46deg z=33.50cm tg=0.887 mode=0 conf=0.128 lost=0 L=4.473 R=4.883 expx=-28.00 bmask=3 red=0.00 blk=0.00 bp=0.00 sym=0.0 lock=0 cq=0.00
th=120 steer=11.64 ex=-8.090cm ang=18.46deg z=33.50cm tg=0.916 mode=1 conf=0.145 lost=0 L=4.492 R=4.921 expx=-26.44 bmask=3 red=0.00 blk=0.00 bp=0.33 sym=-16.8 lock=0 cq=0.11
th=120 steer=9.33 ex=-6.781cm ang=16.23deg z=33.50cm tg=0.842 mode=1 conf=0.146 lost=0 L=4.721 R=5.064 expx=-22.16 bmask=3 red=0.00 blk=0.00 bp=0.25 sym=-16.0 lock=0 cq=0.12
th=120 steer=8.53 ex=-6.136cm ang=15.11deg z=33.50cm tg=0.810 mode=1 conf=0.148 lost=0 L=4.808 R=5.121 expx=-20.05 bmask=3 red=0.00 blk=0.00 bp=0.17 sym=-15.0 lock=0 cq=0.13
th=120 steer=7.46 ex=-5.385cm ang=13.98deg z=33.50cm tg=0.820 mode=1 conf=0.155 lost=0 L=4.930 R=5.204 expx=-17.60 bmask=3 red=0.00 blk=0.00 bp=0.25 sym=-13.0 lock=0 cq=0.16
th=120 steer=7.23 ex=-5.591cm ang=12.44deg z=33.50cm tg=0.849 mode=0 conf=0.147 lost=0 L=4.966 R=5.232 expx=-18.27 bmask=3 red=0.00 blk=0.00 bp=0.25 sym=-11.5 lock=0 cq=0.18
th=120 steer=5.84 ex=-4.923cm ang=15.72deg z=33.50cm tg=0.871 mode=0 conf=0.149 lost=0 L=5.101 R=5.316 expx=-16.09 bmask=3 red=0.00 blk=0.00 bp=0.25 sym=-11.5 lock=0 cq=0.18
th=120 steer=5.56 ex=-4.674cm ang=15.55deg z=33.50cm tg=0.905 mode=0 conf=0.151 lost=0 L=5.131 R=5.336 expx=-15.27 bmask=3 red=0.00 blk=0.00 bp=0.33 sym=-11.1 lock=0 cq=0.19
th=120 steer=5.55 ex=-4.782cm ang=16.69deg z=33.50cm tg=0.975 mode=0 conf=0.148 lost=0 L=5.138 R=5.343 expx=-15.62 bmask=3 red=0.00 blk=0.00 bp=0.25 sym=-10.5 lock=0 cq=0.20
th=120 steer=5.71 ex=-4.780cm ang=20.15deg z=33.50cm tg=1.000 mode=1 conf=0.154 lost=0 L=5.140 R=5.350 expx=-15.62 bmask=3 red=0.00 blk=0.00 bp=0.17 sym=-8.9 lock=0 cq=0.22
th=120 steer=5.53 ex=-4.368cm ang=19.53deg z=33.50cm tg=1.000 mode=1 conf=0.199 lost=0 L=5.152 R=5.356 expx=-14.27 bmask=3 red=0.00 blk=0.00 bp=0.50 sym=-9.4 lock=0 cq=0.21
th=120 steer=2.00 ex=-4.497cm ang=9.13deg z=20.03cm tg=1.000 mode=1 conf=0.155 lost=0 L=5.478 R=5.551 expx=-14.69 bmask=7 red=0.00 blk=0.00 bp=0.33 sym=-10.9 lock=0 cq=0.19
th=120 steer=3.46 ex=-5.231cm ang=8.96deg z=19.40cm tg=1.000 mode=1 conf=0.136 lost=0 L=5.320 R=5.447 expx=-17.09 bmask=7 red=0.00 blk=0.00 bp=0.25 sym=-12.5 lock=0 cq=0.17
th=120 steer=-1.20 ex=-1.449cm ang=8.97deg z=19.71cm tg=0.930 mode=1 conf=0.110 lost=0 L=5.457 R=5.412 expx=-4.73 bmask=7 red=0.00 blk=0.00 bp=0.25 sym=115.8 lock=0 cq=0.00
th=120 steer=1.38 ex=-3.178cm ang=9.54deg z=19.56cm tg=1.000 mode=1 conf=0.114 lost=0 L=5.396 R=5.447 expx=-10.38 bmask=7 red=0.00 blk=0.00 bp=0.17 sym=119.0 lock=0 cq=0.00
th=120 steer=3.15 ex=-4.697cm ang=10.19deg z=18.94cm tg=1.000 mode=1 conf=0.128 lost=0 L=5.228 R=5.344 expx=-15.35 bmask=7 red=0.00 blk=0.00 bp=0.17 sym=118.4 lock=0 cq=0.00
th=120 steer=4.09 ex=-5.843cm ang=10.77deg z=18.94cm tg=1.000 mode=1 conf=0.128 lost=0 L=5.140 R=5.290 expx=-19.09 bmask=7 red=0.00 blk=0.00 bp=0.25 sym=120.8 lock=0 cq=0.00
th=120 steer=5.09 ex=-6.882cm ang=10.60deg z=18.94cm tg=1.000 mode=1 conf=0.128 lost=0 L=5.045 R=5.232 expx=-22.49 bmask=7 red=0.00 blk=0.00 bp=0.25 sym=122.2 lock=0 cq=0.00
th=120 steer=5.78 ex=-7.759cm ang=10.38deg z=18.94cm tg=1.000 mode=1 conf=0.128 lost=0 L=4.980 R=5.193 expx=-25.35 bmask=7 red=0.00 blk=0.00 bp=0.25 sym=124.5 lock=0 cq=0.00
th=120 steer=6.18 ex=-8.509cm ang=10.38deg z=18.94cm tg=1.000 mode=1 conf=0.128 lost=0 L=4.942 R=5.170 expx=-27.80 bmask=7 red=0.00 blk=0.00 bp=0.25 sym=126.5 lock=0 cq=0.00
th=120 steer=6.48 ex=-9.098cm ang=9.83deg z=18.94cm tg=1.000 mode=1 conf=0.128 lost=0 L=4.914 R=5.152 expx=-29.73 bmask=7 red=0.00 blk=0.00 bp=0.25 sym=131.2 lock=0 cq=0.00
th=120 steer=5.90 ex=-9.631cm ang=9.72deg z=19.09cm tg=1.000 mode=1 conf=0.124 lost=0 L=4.968 R=5.186 expx=-31.47 bmask=7 red=0.00 blk=0.00 bp=0.17 sym=133.6 lock=0 cq=0.00
th=120 steer=11.81 ex=-9.528cm ang=19.06deg z=19.56cm tg=1.000 mode=1 conf=0.114 lost=0 L=4.275 R=4.710 expx=-50.38 bmask=7 red=0.00 blk=0.08 bp=0.00 sym=0.0 lock=0 cq=0.00
th=120 steer=8.73 ex=-9.337cm ang=34.28deg z=19.71cm tg=1.000 mode=1 conf=0.110 lost=0 L=4.418 R=4.739 expx=-49.38 bmask=7 red=0.00 blk=0.17 bp=0.00 sym=0.0 lock=0 cq=0.00
th=120 steer=8.90 ex=-9.369cm ang=42.19deg z=19.87cm tg=1.000 mode=1 conf=0.100 lost=0 L=4.261 R=4.588 expx=-49.38 bmask=7 red=0.00 blk=0.25 bp=0.00 sym=0.0 lock=0 cq=0.00
th=120 steer=9.84 ex=-9.180cm ang=43.18deg z=20.18cm tg=1.000 mode=1 conf=0.084 lost=0 L=4.039 R=4.401 expx=-48.38 bmask=5 red=0.00 blk=0.33 bp=0.00 sym=0.0 lock=0 cq=0.00
th=120 steer=7.50 ex=-8.610cm ang=41.30deg z=20.34cm tg=1.000 mode=1 conf=0.079 lost=0 L=4.239 R=4.515 expx=-45.38 bmask=5 red=0.00 blk=0.33 bp=0.00 sym=0.0 lock=0 cq=0.00
th=120 steer=16.92 ex=-7.092cm ang=12.51deg z=34.59cm tg=1.000 mode=1 conf=0.105 lost=0 L=3.927 R=4.549 expx=-37.38 bmask=3 red=0.00 blk=0.00 bp=0.00 sym=0.0 lock=0 cq=0.00
th=115 steer=12.49 ex=-5.946cm ang=14.79deg z=33.50cm tg=0.963 mode=0 conf=0.128 lost=0 L=4.346 R=4.805 expx=-31.38 bmask=3 red=0.00 blk=0.00 bp=0.00 sym=0.0 lock=0 cq=0.00
th=120 steer=11.04 ex=-5.242cm ang=14.25deg z=33.50cm tg=0.887 mode=0 conf=0.128 lost=0 L=4.483 R=4.889 expx=-27.62 bmask=3 red=0.00 blk=0.00 bp=0.00 sym=0.0 lock=0 cq=0.00
th=120 steer=10.12 ex=-4.689cm ang=12.65deg z=33.50cm tg=0.800 mode=0 conf=0.128 lost=0 L=4.569 R=4.942 expx=-24.88 bmask=3 red=0.00 blk=0.00 bp=0.00 sym=0.0 lock=0 cq=0.00
th=120 steer=9.09 ex=-4.246cm ang=12.15deg z=33.50cm tg=0.750 mode=0 conf=0.128 lost=0 L=4.667 R=5.001 expx=-22.38 bmask=3 red=0.00 blk=0.00 bp=0.00 sym=0.0 lock=0 cq=0.00
th=120 steer=8.55 ex=-3.935cm ang=11.86deg z=33.50cm tg=0.725 mode=0 conf=0.128 lost=0 L=4.718 R=5.033 expx=-20.88 bmask=3 red=0.00 blk=0.00 bp=0.00 sym=0.0 lock=0 cq=0.00
th=120 steer=7.93 ex=-3.677cm ang=11.68deg z=33.50cm tg=0.713 mode=0 conf=0.128 lost=0 L=4.777 R=5.069 expx=-19.38 bmask=3 red=0.00 blk=0.00 bp=0.00 sym=0.0 lock=0 cq=0.00
th=120 steer=7.50 ex=-3.487cm ang=11.85deg z=33.50cm tg=0.700 mode=0 conf=0.128 lost=0 L=4.817 R=5.093 expx=-18.38 bmask=3 red=0.00 blk=0.00 bp=0.00 sym=0.0 lock=0 cq=0.00
th=120 steer=7.01 ex=-3.297cm ang=11.95deg z=33.50cm tg=0.725 mode=0 conf=0.128 lost=0 L=4.864 R=5.122 expx=-17.38 bmask=3 red=0.00 blk=0.00 bp=0.00 sym=0.0 lock=0 cq=0.00
th=120 steer=6.89 ex=-3.202cm ang=11.15deg z=33.50cm tg=0.725 mode=0 conf=0.128 lost=0 L=4.875 R=5.129 expx=-16.88 bmask=3 red=0.00 blk=0.00 bp=0.00 sym=0.0 lock=0 cq=0.00
th=120 steer=6.56 ex=-3.133cm ang=12.28deg z=33.50cm tg=0.738 mode=0 conf=0.128 lost=0 L=4.906 R=5.147 expx=-16.38 bmask=3 red=0.00 blk=0.00 bp=0.00 sym=0.0 lock=0 cq=0.00
th=120 steer=6.65 ex=-3.107cm ang=12.04deg z=33.50cm tg=0.750 mode=0 conf=0.128 lost=0 L=4.898 R=5.142 expx=-16.38 bmask=3 red=0.00 blk=0.00 bp=0.00 sym=0.0 lock=0 cq=0.00
th=120 steer=6.67 ex=-3.080cm ang=11.84deg z=33.50cm tg=0.762 mode=0 conf=0.128 lost=0 L=4.896 R=5.141 expx=-16.38 bmask=3 red=0.00 blk=0.00 bp=0.00 sym=0.0 lock=0 cq=0.00
th=120 steer=6.40 ex=-3.012cm ang=12.23deg z=33.50cm tg=0.800 mode=0 conf=0.128 lost=0 L=4.922 R=5.157 expx=-15.88 bmask=3 red=0.00 blk=0.00 bp=0.00 sym=0.0 lock=0 cq=0.00
th=120 steer=6.51 ex=-3.053cm ang=12.36deg z=33.50cm tg=0.800 mode=0 conf=0.128 lost=0 L=4.911 R=5.151 expx=-16.12 bmask=3 red=0.00 blk=0.00 bp=0.00 sym=0.0 lock=0 cq=0.00
th=120 steer=6.26 ex=-3.012cm ang=13.21deg z=33.50cm tg=0.850 mode=0 conf=0.128 lost=0 L=4.935 R=5.165 expx=-15.88 bmask=3 red=0.00 blk=0.00 bp=0.00 sym=0.0 lock=0 cq=0.00
th=120 steer=6.89 ex=-3.060cm ang=10.18deg z=33.50cm tg=0.847 mode=0 conf=0.129 lost=0 L=4.875 R=5.128 expx=-16.38 bmask=3 red=0.00 blk=0.00 bp=0.00 sym=0.0 lock=0 cq=0.00
th=120 steer=7.11 ex=-3.019cm ang=4.66deg z=33.50cm tg=0.997 mode=0 conf=0.118 lost=0 L=4.855 R=5.116 expx=-15.88 bmask=3 red=0.00 blk=0.00 bp=0.00 sym=0.0 lock=0 cq=0.00
th=120 steer=6.25 ex=-3.019cm ang=13.79deg z=33.50cm tg=0.838 mode=0 conf=0.128 lost=0 L=4.936 R=5.166 expx=-16.12 bmask=3 red=0.00 blk=0.00 bp=0.00 sym=0.0 lock=0 cq=0.00
th=120 steer=6.51 ex=-3.073cm ang=14.02deg z=33.50cm tg=0.875 mode=0 conf=0.128 lost=0 L=4.911 R=5.151 expx=-16.38 bmask=3 red=0.00 blk=0.00 bp=0.00 sym=0.0 lock=0 cq=0.00
th=120 steer=6.48 ex=-3.101cm ang=13.73deg z=33.50cm tg=0.900 mode=0 conf=0.128 lost=0 L=4.914 R=5.152 expx=-16.38 bmask=3 red=0.00 blk=0.00 bp=0.00 sym=0.0 lock=0 cq=0.00
th=120 steer=6.44 ex=-3.138cm ang=14.20deg z=33.50cm tg=0.938 mode=0 conf=0.128 lost=0 L=4.917 R=5.154 expx=-16.38 bmask=3 red=0.00 blk=0.00 bp=0.00 sym=0.0 lock=0 cq=0.00
th=120 steer=6.67 ex=-3.192cm ang=14.42deg z=33.50cm tg=0.925 mode=0 conf=0.128 lost=0 L=4.896 R=5.141 expx=-16.88 bmask=3 red=0.00 blk=0.00 bp=0.00 sym=0.0 lock=0 cq=0.00
th=120 steer=6.61 ex=-3.185cm ang=14.97deg z=33.50cm tg=0.938 mode=0 conf=0.128 lost=0 L=4.901 R=5.144 expx=-16.88 bmask=3 red=0.00 blk=0.00 bp=0.00 sym=0.0 lock=0 cq=0.00
th=120 steer=6.84 ex=-3.251cm ang=15.04deg z=33.50cm tg=0.938 mode=0 conf=0.128 lost=0 L=4.879 R=5.131 expx=-17.38 bmask=3 red=0.00 blk=0.00 bp=0.00 sym=0.0 lock=0 cq=0.00
th=120 steer=6.90 ex=-3.293cm ang=14.58deg z=33.50cm tg=0.950 mode=0 conf=0.128 lost=0 L=4.875 R=5.128 expx=-17.38 bmask=3 red=0.00 blk=0.00 bp=0.00 sym=0.0 lock=0 cq=0.00
th=120 steer=7.95 ex=-3.676cm ang=14.59deg z=33.50cm tg=0.950 mode=0 conf=0.128 lost=0 L=4.774 R=5.067 expx=-19.50 bmask=3 red=0.00 blk=0.00 bp=0.00 sym=0.0 lock=0 cq=0.00
th=120 steer=-5.00 ex=-0.313cm ang=15.46deg z=33.50cm tg=1.000 mode=1 conf=0.128 lost=0 L=5.238 R=5.054 expx=-1.02 bmask=3 red=0.00 blk=0.00 bp=0.08 sym=127.2 lock=0 cq=0.00
th=120 steer=2.20 ex=-2.822cm ang=18.62deg z=33.50cm tg=1.000 mode=1 conf=0.127 lost=0 L=5.318 R=5.399 expx=-9.22 bmask=3 red=0.00 blk=0.00 bp=0.25 sym=124.5 lock=0 cq=0.00
th=120 steer=4.66 ex=-3.972cm ang=17.83deg z=33.50cm tg=1.000 mode=1 conf=0.130 lost=0 L=5.086 R=5.257 expx=-12.98 bmask=3 red=0.00 blk=0.00 bp=0.25 sym=124.8 lock=0 cq=0.00
th=120 steer=6.90 ex=-4.998cm ang=14.01deg z=33.50cm tg=1.000 mode=1 conf=0.140 lost=0 L=4.874 R=5.128 expx=-16.33 bmask=3 red=0.00 blk=0.00 bp=0.33 sym=116.5 lock=0 cq=0.00
th=120 steer=17.24 ex=-10.361cm ang=14.99deg z=33.50cm tg=0.932 mode=1 conf=0.134 lost=0 L=3.907 R=4.541 expx=-33.85 bmask=3 red=0.00 blk=0.00 bp=0.42 sym=-22.8 lock=0 cq=0.02
th=120 steer=16.09 ex=-10.364cm ang=15.24deg z=33.50cm tg=0.819 mode=1 conf=0.123 lost=0 L=4.043 R=4.636 expx=-33.87 bmask=3 red=0.00 blk=0.00 bp=0.25 sym=-19.5 lock=0 cq=0.07
th=120 steer=12.96 ex=-8.296cm ang=9.51deg z=33.50cm tg=0.607 mode=1 conf=0.143 lost=0 L=4.351 R=4.828 expx=-27.11 bmask=3 red=0.00 blk=0.00 bp=0.33 sym=-18.5 lock=0 cq=0.08
th=120 steer=10.23 ex=-7.070cm ang=11.66deg z=20.03cm tg=1.000 mode=1 conf=0.113 lost=0 L=3.646 R=4.023 expx=-23.10 bmask=7 red=0.00 blk=0.58 bp=0.25 sym=-16.5 lock=0 cq=0.11
th=120 steer=10.06 ex=-7.531cm ang=25.10deg z=18.94cm tg=1.000 mode=1 conf=0.137 lost=0 L=4.649 R=5.019 expx=-24.61 bmask=7 red=0.00 blk=0.00 bp=0.17 sym=-16.2 lock=0 cq=0.11
th=120 steer=9.16 ex=-6.625cm ang=18.79deg z=18.94cm tg=1.000 mode=1 conf=0.183 lost=0 L=5.009 R=5.346 expx=-21.65 bmask=7 red=0.00 blk=0.00 bp=0.83 sym=-15.8 lock=0 cq=0.53
th=120 steer=9.82 ex=-6.478cm ang=14.88deg z=18.94cm tg=0.829 mode=1 conf=0.146 lost=0 L=4.698 R=5.059 expx=-21.17 bmask=7 red=0.00 blk=0.00 bp=0.42 sym=-13.5 lock=0 cq=0.15
th=120 steer=6.68 ex=-6.369cm ang=14.07deg z=18.94cm tg=1.000 mode=1 conf=0.145 lost=0 L=5.009 R=5.255 expx=-20.81 bmask=5 red=0.00 blk=0.00 bp=0.25 sym=-12.5 lock=0 cq=0.17
th=120 steer=7.90 ex=-5.365cm ang=13.25deg z=18.94cm tg=0.511 mode=1 conf=0.154 lost=0 L=4.892 R=5.183 expx=-17.53 bmask=5 red=0.00 blk=0.00 bp=0.17 sym=-12.5 lock=0 cq=0.17
th=120 steer=-16.24 ex=-3.308cm ang=12.26deg z=18.94cm tg=1.000 mode=1 conf=0.394 lost=0 L=4.781 R=4.183 expx=-10.81 bmask=6 red=0.00 blk=0.00 bp=0.08 sym=-1.5 lock=0 cq=0.33
th=120 steer=7.24 ex=-3.358cm ang=-11.36deg z=18.94cm tg=1.000 mode=1 conf=0.256 lost=0 L=5.006 R=5.272 expx=-10.97 bmask=7 red=0.00 blk=0.00 bp=0.08 sym=-7.5 lock=0 cq=0.24
th=120 steer=-4.00 ex=2.957cm ang=2.82deg z=18.94cm tg=0.127 mode=0 conf=0.317 lost=0 L=5.451 R=5.304 expx=9.66 bmask=6 red=0.00 blk=0.00 bp=0.25 sym=-9.0 lock=0 cq=0.22
th=120 steer=4.32 ex=-2.308cm ang=-9.80deg z=18.94cm tg=0.696 mode=1 conf=0.186 lost=0 L=5.118 R=5.277 expx=-7.54 bmask=7 red=0.00 blk=0.00 bp=0.33 sym=-120.1 lock=0 cq=0.00
th=120 steer=8.03 ex=-6.213cm ang=-8.25deg z=18.94cm tg=1.000 mode=1 conf=0.250 lost=0 L=4.768 R=5.063 expx=-20.30 bmask=7 red=0.00 blk=0.00 bp=0.50 sym=-67.2 lock=0 cq=0.00
th=120 steer=4.01 ex=-3.690cm ang=-11.07deg z=18.94cm tg=1.000 mode=1 conf=0.296 lost=0 L=5.285 R=5.432 expx=-12.06 bmask=7 red=0.00 blk=0.00 bp=0.17 sym=-10.8 lock=0 cq=0.19
th=120 steer=3.98 ex=-3.507cm ang=-14.85deg z=18.94cm tg=1.000 mode=1 conf=0.297 lost=0 L=5.301 R=5.447 expx=-11.46 bmask=7 red=0.00 blk=0.00 bp=0.08 sym=-9.5 lock=0 cq=0.21
th=120 steer=3.50 ex=-3.440cm ang=-16.29deg z=18.94cm tg=1.000 mode=1 conf=0.298 lost=0 L=5.347 R=5.476 expx=-11.24 bmask=7 red=0.00 blk=0.00 bp=0.08 sym=-9.5 lock=0 cq=0.21
th=120 steer=33.10 ex=-28.185cm ang=8.82deg z=18.94cm tg=0.386 mode=0 conf=0.278 lost=0 L=2.514 R=3.732 expx=-92.10 bmask=7 red=0.00 blk=0.00 bp=0.17 sym=4.5 lock=0 cq=0.28
th=120 steer=28.98 ex=-19.207cm ang=-19.77deg z=18.94cm tg=0.568 mode=0 conf=0.298 lost=0 L=2.871 R=3.937 expx=-62.76 bmask=7 red=0.00 blk=0.00 bp=0.33 sym=11.2 lock=0 cq=0.19
th=120 steer=23.92 ex=-14.786cm ang=-18.55deg z=18.94cm tg=0.141 mode=1 conf=0.262 lost=0 L=3.265 R=4.145 expx=-48.32 bmask=7 red=0.00 blk=0.00 bp=0.17 sym=26.0 lock=0 cq=0.00
th=100 steer=19.27 ex=-8.785cm ang=-10.99deg z=18.94cm tg=1.000 mode=1 conf=0.249 lost=0 L=3.704 R=4.414 expx=-44.25 bmask=7 red=0.00 blk=0.00 bp=0.00 sym=0.0 lock=0 cq=0.00
th=102 steer=6.62 ex=-2.620cm ang=-32.48deg z=18.94cm tg=0.516 mode=0 conf=0.299 lost=0 L=4.900 R=5.144 expx=-14.08 bmask=6 red=0.00 blk=0.00 bp=0.00 sym=0.0 lock=0 cq=0.00
th=95 steer=21.26 ex=-5.715cm ang=-38.64deg z=18.94cm tg=1.000 mode=1 conf=0.441 lost=0 L=3.516 R=4.299 expx=-51.20 bmask=6 red=0.00 blk=0.00 bp=0.00 sym=0.0 lock=0 cq=0.00
th=99 steer=10.92 ex=-10.349cm ang=-34.95deg z=18.94cm tg=1.000 mode=1 conf=0.449 lost=0 L=4.543 R=4.945 expx=-33.82 bmask=6 red=0.00 blk=0.00 bp=0.42 sym=-18.8 lock=0 cq=0.08
th=101 steer=6.24 ex=-8.123cm ang=-30.08deg z=18.94cm tg=1.000 mode=1 conf=0.663 lost=0 L=5.408 R=5.638 expx=-26.54 bmask=6 red=0.00 blk=0.00 bp=1.00 sym=-21.6 lock=0 cq=0.68
th=101 steer=11.04 ex=-14.977cm ang=0.53deg z=18.94cm tg=1.000 mode=1 conf=0.507 lost=0 L=4.898 R=5.305 expx=-48.94 bmask=7 red=0.00 blk=0.00 bp=1.00 sym=-30.8 lock=0 cq=0.65
th=100 steer=7.61 ex=-12.348cm ang=-25.94deg z=18.94cm tg=1.000 mode=1 conf=0.573 lost=0 L=5.245 R=5.525 expx=-40.35 bmask=7 red=0.00 blk=0.00 bp=1.00 sym=-34.8 lock=0 cq=0.65
th=100 steer=2.99 ex=-9.364cm ang=-30.53deg z=18.94cm tg=1.000 mode=1 conf=0.518 lost=0 L=5.714 R=5.824 expx=-30.60 bmask=7 red=0.00 blk=0.00 bp=1.00 sym=-42.9 lock=0 cq=0.65
th=98 steer=-1.33 ex=-6.668cm ang=-24.41deg z=18.94cm tg=1.000 mode=1 conf=0.339 lost=0 L=5.450 R=5.401 expx=-21.79 bmask=7 red=0.00 blk=0.00 bp=0.17 sym=-47.5 lock=0 cq=0.00
th=98 steer=-4.65 ex=-2.346cm ang=-24.90deg z=18.94cm tg=1.000 mode=1 conf=0.313 lost=0 L=5.258 R=5.087 expx=-12.36 bmask=7 red=0.00 blk=0.00 bp=0.00 sym=0.0 lock=0 cq=0.00
th=94 steer=-6.21 ex=-1.539cm ang=-20.42deg z=18.94cm tg=1.000 mode=1 conf=0.303 lost=0 L=5.168 R=4.939 expx=-8.36 bmask=7 red=0.00 blk=0.00 bp=0.00 sym=0.0 lock=0 cq=0.00
th=97 steer=-1.87 ex=-4.172cm ang=-13.26deg z=18.94cm tg=1.000 mode=1 conf=0.325 lost=0 L=5.418 R=5.349 expx=-22.25 bmask=7 red=0.00 blk=0.00 bp=0.00 sym=0.0 lock=0 cq=0.00
th=96 steer=-2.61 ex=-4.092cm ang=-13.24deg z=18.94cm tg=1.000 mode=1 conf=0.365 lost=0 L=5.376 R=5.280 expx=-21.00 bmask=7 red=0.00 blk=0.00 bp=0.00 sym=0.0 lock=0 cq=0.00
th=89 steer=-2.57 ex=-3.962cm ang=-16.75deg z=18.94cm tg=1.000 mode=1 conf=0.393 lost=0 L=5.378 R=5.283 expx=-20.25 bmask=7 red=0.00 blk=0.00 bp=0.00 sym=0.0 lock=0 cq=0.00
th=98 steer=-3.60 ex=-3.298cm ang=-18.72deg z=18.94cm tg=1.000 mode=1 conf=0.418 lost=0 L=5.318 R=5.186 expx=-17.38 bmask=7 red=0.00 blk=0.00 bp=0.00 sym=0.0 lock=0 cq=0.00
th=97 steer=-4.59 ex=-2.705cm ang=-18.49deg z=18.94cm tg=1.000 mode=1 conf=0.448 lost=0 L=5.261 R=5.092 expx=-14.25 bmask=7 red=0.00 blk=0.00 bp=0.00 sym=0.0 lock=0 cq=0.00
th=98 steer=-5.03 ex=-3.710cm ang=-17.70deg z=18.94cm tg=1.000 mode=1 conf=0.450 lost=0 L=5.279 R=5.094 expx=-12.12 bmask=7 red=0.00 blk=0.00 bp=0.33 sym=-19.8 lock=0 cq=0.06
th=98 steer=-6.53 ex=-2.125cm ang=-18.62deg z=18.94cm tg=1.000 mode=1 conf=0.453 lost=0 L=5.240 R=4.999 expx=-6.94 bmask=7 red=0.00 blk=0.00 bp=0.58 sym=-18.2 lock=0 cq=0.13
th=95 steer=-7.83 ex=-0.678cm ang=-14.33deg z=18.94cm tg=1.000 mode=1 conf=0.647 lost=0 L=5.492 R=5.204 expx=-2.21 bmask=7 red=0.00 blk=0.00 bp=0.92 sym=-17.8 lock=0 cq=0.62
th=91 steer=-9.81 ex=0.216cm ang=-11.28deg z=18.94cm tg=1.000 mode=1 conf=0.750 lost=0 L=5.490 R=5.129 expx=0.71 bmask=7 red=0.00 blk=0.00 bp=1.00 sym=-12.9 lock=0 cq=0.81
th=98 steer=-8.57 ex=0.812cm ang=-4.73deg z=18.94cm tg=1.000 mode=1 conf=0.870 lost=0 L=5.613 R=5.298 expx=2.65 bmask=7 red=0.00 blk=0.00 bp=1.00 sym=-8.5 lock=1 cq=0.88
th=97 steer=-8.36 ex=1.514cm ang=-1.07deg z=18.94cm tg=1.000 mode=1 conf=0.901 lost=0 L=5.666 R=5.358 expx=4.95 bmask=7 red=0.00 blk=0.00 bp=1.00 sym=-4.6 lock=1 cq=0.93
th=98 steer=-7.97 ex=1.929cm ang=2.73deg z=18.94cm tg=1.000 mode=1 conf=0.922 lost=0 L=5.716 R=5.423 expx=6.30 bmask=7 red=0.00 blk=0.00 bp=1.00 sym=-2.1 lock=1 cq=0.97
th=95 steer=-7.40 ex=2.227cm ang=6.02deg z=18.94cm tg=1.000 mode=1 conf=0.919 lost=0 L=5.774 R=5.502 expx=7.28 bmask=7 red=0.00 blk=0.00 bp=1.00 sym=-0.1 lock=1 cq=1.00
th=95 steer=-6.08 ex=2.600cm ang=8.87deg z=18.94cm tg=0.575 mode=0 conf=0.915 lost=0 L=5.847 R=5.624 expx=8.50 bmask=7 red=0.00 blk=0.00 bp=1.00 sym=1.9 lock=1 cq=0.97
th=97 steer=-5.67 ex=2.934cm ang=11.79deg z=18.94cm tg=0.108 mode=0 conf=0.909 lost=0 L=5.856 R=5.647 expx=9.59 bmask=7 red=0.00 blk=0.00 bp=1.00 sym=3.8 lock=1 cq=0.95
th=97 steer=-6.37 ex=3.212cm ang=13.99deg z=18.94cm tg=0.350 mode=0 conf=0.902 lost=0 L=5.794 R=5.560 expx=10.49 bmask=7 red=0.00 blk=0.00 bp=1.00 sym=5.2 lock=1 cq=0.92
th=98 steer=-6.55 ex=3.096cm ang=17.12deg z=18.94cm tg=0.856 mode=0 conf=0.892 lost=0 L=5.780 R=5.539 expx=10.12 bmask=7 red=0.00 blk=0.00 bp=1.00 sym=5.4 lock=1 cq=0.92
th=97 steer=-7.33 ex=2.495cm ang=23.53deg z=18.94cm tg=1.000 mode=1 conf=0.891 lost=0 L=5.735 R=5.465 expx=8.15 bmask=7 red=0.00 blk=0.00 bp=1.00 sym=4.6 lock=1 cq=0.93
th=97 steer=-6.16 ex=1.279cm ang=31.08deg z=18.94cm tg=1.000 mode=1 conf=0.897 lost=0 L=5.827 R=5.600 expx=4.18 bmask=7 red=0.00 blk=0.00 bp=1.00 sym=3.4 lock=1 cq=0.95
th=98 steer=-4.60 ex=0.282cm ang=29.78deg z=18.94cm tg=1.000 mode=1 conf=0.823 lost=0 L=5.944 R=5.775 expx=0.92 bmask=7 red=0.00 blk=0.00 bp=1.00 sym=2.1 lock=1 cq=0.97
th=98 steer=3.02 ex=-0.119cm ang=-24.75deg z=18.94cm tg=1.000 mode=1 conf=0.414 lost=0 L=5.241 R=5.352 expx=-0.62 bmask=7 red=0.00 blk=0.00 bp=0.00 sym=0.0 lock=0 cq=0.00
th=98 steer=1.98 ex=0.387cm ang=-42.09deg z=18.94cm tg=1.000 mode=1 conf=0.409 lost=0 L=5.340 R=5.412 expx=2.00 bmask=7 red=0.00 blk=0.00 bp=0.00 sym=0.0 lock=0 cq=0.00
th=97 steer=0.95 ex=0.754cm ang=-43.62deg z=18.94cm tg=1.000 mode=1 conf=0.398 lost=0 L=5.436 R=5.471 expx=4.00 bmask=7 red=0.00 blk=0.00 bp=0.00 sym=0.0 lock=0 cq=0.00
th=96 steer=1.90 ex=1.131cm ang=-43.97deg z=18.94cm tg=0.269 mode=0 conf=0.385 lost=0 L=5.346 R=5.416 expx=6.00 bmask=7 red=0.00 blk=0.00 bp=0.00 sym=0.0 lock=0 cq=0.00
th=98 steer=-8.57 ex=0.782cm ang=-26.63deg z=18.94cm tg=1.000 mode=1 conf=0.349 lost=0 L=5.031 R=4.716 expx=4.12 bmask=7 red=0.00 blk=0.00 bp=0.00 sym=0.0 lock=0 cq=0.00
th=96 steer=-9.56 ex=-0.319cm ang=32.20deg z=18.94cm tg=1.000 mode=1 conf=0.351 lost=0 L=4.974 R=4.622 expx=-1.75 bmask=7 red=0.00 blk=0.00 bp=0.00 sym=0.0 lock=0 cq=0.00
th=95 steer=-5.99 ex=-1.298cm ang=35.35deg z=18.94cm tg=1.000 mode=1 conf=0.358 lost=0 L=5.181 R=4.960 expx=-6.50 bmask=7 red=0.00 blk=0.00 bp=0.00 sym=0.0 lock=0 cq=0.00
th=91 steer=-2.77 ex=-2.083cm ang=37.67deg z=18.94cm tg=1.000 mode=1 conf=0.355 lost=0 L=5.366 R=5.265 expx=-10.75 bmask=7 red=0.00 blk=0.00 bp=0.00 sym=0.0 lock=0 cq=0.00
th=96 steer=-0.04 ex=-2.748cm ang=39.39deg z=18.94cm tg=1.000 mode=1 conf=0.342 lost=0 L=5.524 R=5.523 expx=-14.12 bmask=7 red=0.00 blk=0.00 bp=0.00 sym=0.0 lock=0 cq=0.00
th=96 steer=2.02 ex=-3.288cm ang=40.73deg z=18.94cm tg=1.000 mode=1 conf=0.339 lost=0 L=5.335 R=5.410 expx=-17.00 bmask=7 red=0.00 blk=0.00 bp=0.00 sym=0.0 lock=0 cq=0.00
th=98 steer=3.32 ex=-3.818cm ang=41.58deg z=18.94cm tg=0.700 mode=0 conf=0.328 lost=0 L=5.212 R=5.334 expx=-19.25 bmask=7 red=0.00 blk=0.00 bp=0.00 sym=0.0 lock=0 cq=0.00
th=98 steer=4.80 ex=-4.172cm ang=42.48deg z=18.94cm tg=0.388 mode=0 conf=0.248 lost=0 L=5.073 R=5.249 expx=-21.00 bmask=7 red=0.00 blk=0.00 bp=0.00 sym=0.0 lock=0 cq=0.00
th=98 steer=5.75 ex=-4.473cm ang=42.45deg z=19.09cm tg=0.362 mode=0 conf=0.208 lost=0 L=4.983 R=5.194 expx=-23.00 bmask=7 red=0.00 blk=0.00 bp=0.00 sym=0.0 lock=0 cq=0.00
th=98 steer=6.01 ex=-4.824cm ang=42.80deg z=19.24cm tg=0.588 mode=0 conf=0.191 lost=0 L=4.958 R=5.179 expx=-25.00 bmask=7 red=0.00 blk=0.00 bp=0.00 sym=0.0 lock=0 cq=0.00
th=97 steer=6.79 ex=-5.124cm ang=42.74deg z=19.40cm tg=0.650 mode=0 conf=0.172 lost=0 L=4.884 R=5.134 expx=-27.00 bmask=7 red=0.00 blk=0.00 bp=0.00 sym=0.0 lock=0 cq=0.00
th=96 steer=7.06 ex=-5.306cm ang=42.94deg z=19.56cm tg=0.650 mode=0 conf=0.121 lost=0 L=4.859 R=5.119 expx=-28.00 bmask=7 red=0.00 blk=0.00 bp=0.00 sym=0.0 lock=0 cq=0.00
th=91 steer=8.02 ex=-5.494cm ang=43.98deg z=19.56cm tg=0.412 mode=0 conf=0.118 lost=0 L=4.768 R=5.063 expx=-28.75 bmask=7 red=0.00 blk=0.00 bp=0.00 sym=0.0 lock=0 cq=0.00
th=98 steer=8.48 ex=-5.598cm ang=44.20deg z=19.56cm tg=0.300 mode=0 conf=0.114 lost=0 L=4.725 R=5.037 expx=-29.25 bmask=7 red=0.00 blk=0.00 bp=0.00 sym=0.0 lock=0 cq=0.00
th=94 steer=8.62 ex=-5.709cm ang=44.08deg z=19.71cm tg=0.338 mode=0 conf=0.110 lost=0 L=4.712 R=5.029 expx=-29.75 bmask=7 red=0.00 blk=0.00 bp=0.00 sym=0.0 lock=0 cq=0.00
th=97 steer=6.32 ex=-4.648cm ang=53.30deg z=19.87cm tg=0.025 mode=0 conf=0.106 lost=0 L=4.929 R=5.162 expx=-24.50 bmask=7 red=0.00 blk=0.00 bp=0.00 sym=0.0 lock=0 cq=0.00
th=96 steer=7.62 ex=-4.933cm ang=54.01deg z=20.03cm tg=0.200 mode=0 conf=0.103 lost=0 L=4.806 R=5.086 expx=-26.00 bmask=7 red=0.00 blk=0.00 bp=0.00 sym=0.0 lock=0 cq=0.00
th=98 steer=6.81 ex=-5.028cm ang=53.97deg z=20.03cm tg=0.325 mode=0 conf=0.103 lost=0 L=4.883 R=5.133 expx=-26.50 bmask=7 red=0.00 blk=0.00 bp=0.00 sym=0.0 lock=0 cq=0.00
th=93 steer=7.31 ex=-5.218cm ang=54.17deg z=20.03cm tg=0.650 mode=0 conf=0.103 lost=0 L=4.835 R=5.104 expx=-27.50 bmask=7 red=0.00 blk=0.00 bp=0.00 sym=0.0 lock=0 cq=0.00
th=90 steer=7.70 ex=-5.408cm ang=54.57deg z=20.18cm tg=0.700 mode=0 conf=0.099 lost=0 L=4.798 R=5.082 expx=-28.50 bmask=7 red=0.00 blk=0.00 bp=0.00 sym=0.0 lock=0 cq=0.00
th=98 steer=8.42 ex=-5.692cm ang=55.19deg z=20.34cm tg=0.625 mode=0 conf=0.096 lost=0 L=4.731 R=5.040 expx=-30.00 bmask=7 red=0.00 blk=0.00 bp=0.00 sym=0.0 lock=0 cq=0.00
th=97 steer=8.53 ex=-5.787cm ang=54.84deg z=20.34cm tg=0.825 mode=0 conf=0.096 lost=0 L=4.720 R=5.034 expx=-30.50 bmask=7 red=0.00 blk=0.00 bp=0.00 sym=0.0 lock=0 cq=0.00
th=96 steer=8.93 ex=-5.977cm ang=54.80deg z=20.34cm tg=0.975 mode=0 conf=0.096 lost=0 L=4.683 R=5.011 expx=-31.50 bmask=7 red=0.00 blk=0.00 bp=0.00 sym=0.0 lock=0 cq=0.00
th=91 steer=10.80 ex=-6.119cm ang=54.51deg z=20.34cm tg=1.000 mode=1 conf=0.096 lost=0 L=4.505 R=4.903 expx=-32.25 bmask=7 red=0.00 blk=0.00 bp=0.00 sym=0.0 lock=0 cq=0.00
th=96 steer=10.95 ex=-6.024cm ang=39.43deg z=33.50cm tg=1.000 mode=1 conf=0.128 lost=0 L=4.491 R=4.894 expx=-31.75 bmask=3 red=0.00 blk=0.00 bp=0.00 sym=0.0 lock=0 cq=0.00
th=95 steer=10.87 ex=-5.977cm ang=39.21deg z=33.50cm tg=1.000 mode=1 conf=0.128 lost=0 L=4.499 R=4.899 expx=-31.50 bmask=3 red=0.00 blk=0.00 bp=0.00 sym=0.0 lock=0 cq=0.00
th=96 steer=10.31 ex=-5.977cm ang=54.63deg z=20.34cm tg=1.000 mode=1 conf=0.096 lost=0 L=4.551 R=4.931 expx=-31.50 bmask=7 red=0.00 blk=0.00 bp=0.00 sym=0.0 lock=0 cq=0.00
th=93 steer=10.98 ex=-5.977cm ang=39.22deg z=33.50cm tg=1.000 mode=1 conf=0.128 lost=0 L=4.488 R=4.892 expx=-31.50 bmask=3 red=0.00 blk=0.00 bp=0.00 sym=0.0 lock=0 cq=0.00
th=94 steer=10.35 ex=-5.977cm ang=54.46deg z=20.34cm tg=1.000 mode=1 conf=0.096 lost=0 L=4.548 R=4.929 expx=-31.50 bmask=7 red=0.00 blk=0.00 bp=0.00 sym=0.0 lock=0 cq=0.00
th=96 steer=10.34 ex=-5.977cm ang=54.34deg z=20.34cm tg=1.000 mode=1 conf=0.096 lost=0 L=4.548 R=4.929 expx=-31.50 bmask=7 red=0.00 blk=0.00 bp=0.00 sym=0.0 lock=0 cq=0.00
th=96 steer=10.37 ex=-5.977cm ang=54.36deg z=20.34cm tg=1.000 mode=1 conf=0.096 lost=0 L=4.546 R=4.928 expx=-31.50 bmask=7 red=0.00 blk=0.00 bp=0.00 sym=0.0 lock=0 cq=0.00
th=96 steer=10.34 ex=-5.977cm ang=54.36deg z=20.34cm tg=1.000 mode=1 conf=0.096 lost=0 L=4.549 R=4.930 expx=-31.50 bmask=7 red=0.00 blk=0.00 bp=0.00 sym=0.0 lock=0 cq=0.00
th=90 steer=8.86 ex=-5.929cm ang=54.49deg z=20.34cm tg=0.988 mode=0 conf=0.096 lost=0 L=4.688 R=5.015 expx=-31.25 bmask=7 red=0.00 blk=0.00 bp=0.00 sym=0.0 lock=0 cq=0.00
th=95 steer=9.88 ex=-5.834cm ang=54.43deg z=20.34cm tg=1.000 mode=1 conf=0.096 lost=0 L=4.592 R=4.956 expx=-30.75 bmask=7 red=0.00 blk=0.00 bp=0.00 sym=0.0 lock=0 cq=0.00
th=93 steer=9.78 ex=-5.787cm ang=54.16deg z=20.34cm tg=1.000 mode=1 conf=0.096 lost=0 L=4.602 R=4.962 expx=-30.50 bmask=7 red=0.00 blk=0.00 bp=0.00 sym=0.0 lock=0 cq=0.00
th=90 steer=9.95 ex=-5.834cm ang=54.31deg z=20.34cm tg=1.000 mode=1 conf=0.096 lost=0 L=4.586 R=4.952 expx=-30.75 bmask=7 red=0.00 blk=0.00 bp=0.00 sym=0.0 lock=0 cq=0.00
th=94 steer=9.75 ex=-5.787cm ang=54.23deg z=20.34cm tg=1.000 mode=1 conf=0.096 lost=0 L=4.605 R=4.963 expx=-30.50 bmask=7 red=0.00 blk=0.00 bp=0.00 sym=0.0 lock=0 cq=0.00
th=90 steer=10.41 ex=-5.787cm ang=39.35deg z=33.50cm tg=1.000 mode=1 conf=0.128 lost=0 L=4.543 R=4.926 expx=-30.50 bmask=3 red=0.00 blk=0.00 bp=0.00 sym=0.0 lock=0 cq=0.00
th=94 steer=9.85 ex=-5.834cm ang=54.64deg z=20.34cm tg=1.000 mode=1 conf=0.096 lost=0 L=4.595 R=4.957 expx=-30.75 bmask=7 red=0.00 blk=0.00 bp=0.00 sym=0.0 lock=0 cq=0.00
th=92 steer=10.36 ex=-5.787cm ang=39.46deg z=33.50cm tg=1.000 mode=1 conf=0.128 lost=0 L=4.547 R=4.928 expx=-30.50 bmask=3 red=0.00 blk=0.00 bp=0.00 sym=0.0 lock=0 cq=0.00
th=89 steer=10.40 ex=-5.787cm ang=39.21deg z=33.50cm tg=1.000 mode=1 conf=0.128 lost=0 L=4.543 R=4.926 expx=-30.50 bmask=3 red=0.00 blk=0.00 bp=0.00 sym=0.0 lock=0 cq=0.00
th=94 steer=10.35 ex=-5.787cm ang=39.70deg z=33.50cm tg=1.000 mode=1 conf=0.128 lost=0 L=4.548 R=4.929 expx=-30.50 bmask=3 red=0.00 blk=0.00 bp=0.00 sym=0.0 lock=0 cq=0.00
th=95 steer=10.40 ex=-5.787cm ang=39.62deg z=33.50cm tg=1.000 mode=1 conf=0.128 lost=0 L=4.543 R=4.926 expx=-30.50 bmask=3 red=0.00 blk=0.00 bp=0.00 sym=0.0 lock=0 cq=0.00
th=95 steer=10.20 ex=-5.739cm ang=39.69deg z=33.50cm tg=1.000 mode=1 conf=0.128 lost=0 L=4.562 R=4.938 expx=-30.25 bmask=3 red=0.00 blk=0.00 bp=0.00 sym=0.0 lock=0 cq=0.00
th=96 steer=9.78 ex=-5.787cm ang=54.43deg z=20.34cm tg=1.000 mode=1 conf=0.096 lost=0 L=4.601 R=4.961 expx=-30.50 bmask=7 red=0.00 blk=0.00 bp=0.00 sym=0.0 lock=0 cq=0.00
th=95 steer=10.45 ex=-5.787cm ang=39.17deg z=33.50cm tg=1.000 mode=1 conf=0.128 lost=0 L=4.538 R=4.923 expx=-30.50 bmask=3 red=0.00 blk=0.00 bp=0.00 sym=0.0 lock=0 cq=0.00
th=94 steer=10.30 ex=-5.739cm ang=39.34deg z=33.50cm tg=1.000 mode=1 conf=0.128 lost=0 L=4.553 R=4.932 expx=-30.25 bmask=3 red=0.00 blk=0.00 bp=0.00 sym=0.0 lock=0 cq=0.00
th=95 steer=10.27 ex=-5.739cm ang=39.52deg z=33.50cm tg=1.000 mode=1 conf=0.128 lost=0 L=4.556 R=4.933 expx=-30.25 bmask=3 red=0.00 blk=0.00 bp=0.00 sym=0.0 lock=0 cq=0.00
th=95 steer=10.09 ex=-5.692cm ang=39.56deg z=33.50cm tg=1.000 mode=1 conf=0.128 lost=0 L=4.573 R=4.944 expx=-30.00 bmask=3 red=0.00 blk=0.00 bp=0.00 sym=0.0 lock=0 cq=0.00
th=95 steer=10.21 ex=-5.739cm ang=39.74deg z=33.50cm tg=1.000 mode=1 conf=0.128 lost=0 L=4.561 R=4.937 expx=-30.25 bmask=3 red=0.00 blk=0.00 bp=0.00 sym=0.0 lock=0 cq=0.00
th=93 steer=10.39 ex=-5.787cm ang=40.01deg z=33.50cm tg=1.000 mode=1 conf=0.128 lost=0 L=4.544 R=4.926 expx=-30.50 bmask=3 red=0.00 blk=0.00 bp=0.00 sym=0.0 lock=0 cq=0.00
th=97 steer=10.43 ex=-5.787cm ang=39.75deg z=33.50cm tg=1.000 mode=1 conf=0.128 lost=0 L=4.540 R=4.924 expx=-30.50 bmask=3 red=0.00 blk=0.00 bp=0.00 sym=0.0 lock=0 cq=0.00
th=94 steer=10.51 ex=-5.787cm ang=39.31deg z=33.50cm tg=1.000 mode=1 conf=0.128 lost=0 L=4.532 R=4.919 expx=-30.50 bmask=3 red=0.00 blk=0.00 bp=0.00 sym=0.0 lock=0 cq=0.00
th=89 steer=9.66 ex=-5.739cm ang=54.22deg z=20.34cm tg=1.000 mode=1 conf=0.096 lost=0 L=4.613 R=4.969 expx=-30.25 bmask=7 red=0.00 blk=0.00 bp=0.00 sym=0.0 lock=0 cq=0.00
th=90 steer=9.86 ex=-5.787cm ang=54.25deg z=20.34cm tg=1.000 mode=1 conf=0.096 lost=0 L=4.594 R=4.957 expx=-30.50 bmask=7 red=0.00 blk=0.00 bp=0.00 sym=0.0 lock=0 cq=0.00
th=95 steer=10.46 ex=-5.787cm ang=39.81deg z=33.50cm tg=1.000 mode=1 conf=0.128 lost=0 L=4.538 R=4.923 expx=-30.50 bmask=3 red=0.00 blk=0.00 bp=0.00 sym=0.0 lock=0 cq=0.00
th=95 steer=10.27 ex=-5.882cm ang=54.28deg z=20.34cm tg=1.000 mode=1 conf=0.096 lost=0 L=4.555 R=4.933 expx=-31.00 bmask=7 red=0.00 blk=0.00 bp=0.00 sym=0.0 lock=0 cq=0.00
th=96 steer=10.31 ex=-5.881cm ang=54.04deg z=20.34cm tg=1.000 mode=1 conf=0.096 lost=0 L=4.551 R=4.931 expx=-31.00 bmask=7 red=0.00 blk=0.00 bp=0.00 sym=0.0 lock=0 cq=0.00
th=93 steer=10.03 ex=-5.834cm ang=54.62deg z=20.34cm tg=1.000 mode=1 conf=0.096 lost=0 L=4.578 R=4.947 expx=-30.75 bmask=7 red=0.00 blk=0.00 bp=0.00 sym=0.0 lock=0 cq=0.00
th=96 steer=10.02 ex=-5.834cm ang=54.59deg z=20.34cm tg=1.000 mode=1 conf=0.096 lost=0 L=4.579 R=4.948 expx=-30.75 bmask=7 red=0.00 blk=0.00 bp=0.00 sym=0.0 lock=0 cq=0.00
th=89 steer=10.57 ex=-5.977cm ang=54.51deg z=20.34cm tg=1.000 mode=1 conf=0.096 lost=0 L=4.527 R=4.916 expx=-31.50 bmask=7 red=0.00 blk=0.00 bp=0.00 sym=0.0 lock=0 cq=0.00
th=97 steer=10.58 ex=-5.977cm ang=54.18deg z=20.34cm tg=1.000 mode=1 conf=0.096 lost=0 L=4.526 R=4.915 expx=-31.50 bmask=7 red=0.00 blk=0.00 bp=0.00 sym=0.0 lock=0 cq=0.00
th=97 steer=9.37 ex=-5.977cm ang=54.41deg z=20.34cm tg=0.925 mode=0 conf=0.096 lost=0 L=4.641 R=4.985 expx=-31.50 bmask=7 red=0.00 blk=0.00 bp=0.00 sym=0.0 lock=0 cq=0.00
th=92 steer=9.20 ex=-5.977cm ang=54.67deg z=20.34cm tg=0.800 mode=0 conf=0.096 lost=0 L=4.657 R=4.995 expx=-31.50 bmask=7 red=0.00 blk=0.00 bp=0.00 sym=0.0 lock=0 cq=0.00
th=93 steer=17.30 ex=-5.881cm ang=-24.35deg z=20.18cm tg=0.650 mode=0 conf=0.099 lost=0 L=3.890 R=4.527 expx=-31.00 bmask=7 red=0.00 blk=0.00 bp=0.00 sym=0.0 lock=0 cq=0.00
th=94 steer=6.56 ex=-5.455cm ang=54.27deg z=20.03cm tg=0.562 mode=0 conf=0.103 lost=0 L=4.906 R=5.148 expx=-28.75 bmask=7 red=0.00 blk=0.00 bp=0.00 sym=0.0 lock=0 cq=0.00
th=89 steer=8.42 ex=-5.550cm ang=54.40deg z=20.18cm tg=0.475 mode=0 conf=0.099 lost=0 L=4.730 R=5.040 expx=-29.25 bmask=7 red=0.00 blk=0.00 bp=0.00 sym=0.0 lock=0 cq=0.00
th=93 steer=8.93 ex=-5.739cm ang=54.41deg z=20.18cm tg=0.850 mode=0 conf=0.099 lost=0 L=4.682 R=5.011 expx=-30.25 bmask=7 red=0.00 blk=0.00 bp=0.00 sym=0.0 lock=0 cq=0.00
th=97 steer=9.23 ex=-5.834cm ang=54.11deg z=20.18cm tg=0.787 mode=0 conf=0.099 lost=0 L=4.654 R=4.994 expx=-30.75 bmask=7 red=0.00 blk=0.00 bp=0.00 sym=0.0 lock=0 cq=0.00
th=94 steer=9.60 ex=-5.977cm ang=53.65deg z=20.18cm tg=0.762 mode=0 conf=0.099 lost=0 L=4.618 R=4.972 expx=-31.50 bmask=7 red=0.00 blk=0.00 bp=0.00 sym=0.0 lock=0 cq=0.00
th=96 steer=9.93 ex=-6.071cm ang=53.09deg z=20.18cm tg=0.738 mode=0 conf=0.099 lost=0 L=4.588 R=4.953 expx=-32.00 bmask=7 red=0.00 blk=0.00 bp=0.00 sym=0.0 lock=0 cq=0.00
th=96 steer=9.92 ex=-6.072cm ang=52.31deg z=20.03cm tg=0.750 mode=0 conf=0.103 lost=0 L=4.589 R=4.954 expx=-32.00 bmask=7 red=0.00 blk=0.00 bp=0.00 sym=0.0 lock=0 cq=0.00
th=96 steer=10.26 ex=-6.167cm ang=52.05deg z=20.03cm tg=0.600 mode=0 conf=0.103 lost=0 L=4.556 R=4.934 expx=-32.50 bmask=7 red=0.00 blk=0.00 bp=0.00 sym=0.0 lock=0 cq=0.00
th=95 steer=10.36 ex=-6.167cm ang=51.13deg z=19.87cm tg=0.550 mode=0 conf=0.106 lost=0 L=4.547 R=4.928 expx=-32.50 bmask=7 red=0.00 blk=0.00 bp=0.00 sym=0.0 lock=0 cq=0.00
th=94 steer=10.49 ex=-6.167cm ang=50.31deg z=19.71cm tg=0.425 mode=0 conf=0.110 lost=0 L=4.534 R=4.920 expx=-32.50 bmask=7 red=0.00 blk=0.00 bp=0.00 sym=0.0 lock=0 cq=0.00
th=96 steer=10.44 ex=-6.119cm ang=49.32deg z=19.40cm tg=0.438 mode=0 conf=0.117 lost=0 L=4.540 R=4.924 expx=-32.25 bmask=7 red=0.00 blk=0.00 bp=0.00 sym=0.0 lock=0 cq=0.00
th=90 steer=11.75 ex=-6.167cm ang=48.59deg z=19.24cm tg=0.275 mode=0 conf=0.121 lost=0 L=4.416 R=4.848 expx=-32.50 bmask=7 red=0.00 blk=0.00 bp=0.00 sym=0.0 lock=0 cq=0.00
th=96 steer=10.91 ex=-5.977cm ang=47.85deg z=18.94cm tg=0.200 mode=0 conf=0.128 lost=0 L=4.495 R=4.897 expx=-31.50 bmask=7 red=0.00 blk=0.00 bp=0.00 sym=0.0 lock=0 cq=0.00
th=96 steer=10.24 ex=-5.977cm ang=46.76deg z=18.94cm tg=0.100 mode=0 conf=0.128 lost=0 L=4.558 R=4.935 expx=-31.50 bmask=7 red=0.00 blk=0.00 bp=0.00 sym=0.0 lock=0 cq=0.00
th=96 steer=9.71 ex=-5.977cm ang=45.99deg z=18.94cm tg=0.362 mode=0 conf=0.128 lost=0 L=4.609 R=4.966 expx=-31.50 bmask=7 red=0.00 blk=0.00 bp=0.00 sym=0.0 lock=0 cq=0.00
th=96 steer=9.30 ex=-6.024cm ang=45.01deg z=18.94cm tg=0.625 mode=0 conf=0.128 lost=0 L=4.647 R=4.989 expx=-31.75 bmask=7 red=0.00 blk=0.00 bp=0.00 sym=0.0 lock=0 cq=0.00
th=95 steer=9.07 ex=-6.167cm ang=44.10deg z=18.94cm tg=0.900 mode=0 conf=0.128 lost=0 L=4.669 R=5.003 expx=-32.50 bmask=7 red=0.00 blk=0.00 bp=0.00 sym=0.0 lock=0 cq=0.00
th=92 steer=9.56 ex=-6.214cm ang=43.19deg z=18.94cm tg=1.000 mode=1 conf=0.128 lost=0 L=4.623 R=4.974 expx=-32.75 bmask=7 red=0.00 blk=0.00 bp=0.00 sym=0.0 lock=0 cq=0.00
th=95 steer=9.43 ex=-6.356cm ang=42.19deg z=18.94cm tg=1.000 mode=1 conf=0.128 lost=0 L=4.635 R=4.982 expx=-33.50 bmask=7 red=0.00 blk=0.00 bp=0.00 sym=0.0 lock=0 cq=0.00
th=95 steer=8.84 ex=-6.403cm ang=41.34deg z=18.94cm tg=1.000 mode=1 conf=0.128 lost=0 L=4.691 R=5.016 expx=-33.75 bmask=7 red=0.00 blk=0.00 bp=0.00 sym=0.0 lock=0 cq=0.00
th=95 steer=8.57 ex=-6.546cm ang=40.56deg z=18.94cm tg=1.000 mode=1 conf=0.128 lost=0 L=4.716 R=5.032 expx=-34.50 bmask=7 red=0.00 blk=0.00 bp=0.00 sym=0.0 lock=0 cq=0.00
th=91 steer=8.69 ex=-6.831cm ang=39.60deg z=18.94cm tg=1.000 mode=1 conf=0.128 lost=0 L=4.705 R=5.024 expx=-36.00 bmask=7 red=0.00 blk=0.00 bp=0.00 sym=0.0 lock=0 cq=0.00
th=94 steer=13.82 ex=-6.546cm ang=15.15deg z=18.94cm tg=1.000 mode=1 conf=0.128 lost=0 L=4.220 R=4.729 expx=-34.50 bmask=7 red=0.00 blk=0.00 bp=0.00 sym=0.0 lock=0 cq=0.00
th=96 steer=12.84 ex=-6.309cm ang=15.12deg z=18.94cm tg=1.000 mode=1 conf=0.128 lost=0 L=4.312 R=4.785 expx=-33.25 bmask=7 red=0.00 blk=0.00 bp=0.00 sym=0.0 lock=0 cq=0.00
th=95 steer=9.55 ex=-5.977cm ang=35.09deg z=18.94cm tg=1.000 mode=1 conf=0.138 lost=0 L=4.623 R=4.975 expx=-31.50 bmask=7 red=0.00 blk=0.00 bp=0.00 sym=0.0 lock=0 cq=0.00
th=94 steer=15.85 ex=-7.258cm ang=24.37deg z=18.94cm tg=1.000 mode=1 conf=0.235 lost=0 L=4.028 R=4.611 expx=-38.25 bmask=7 red=0.00 blk=0.00 bp=0.00 sym=0.0 lock=0 cq=0.00
th=95 steer=14.97 ex=-6.450cm ang=15.93deg z=18.94cm tg=1.000 mode=1 conf=0.352 lost=0 L=4.111 R=4.662 expx=-34.00 bmask=7 red=0.00 blk=0.00 bp=0.00 sym=0.0 lock=0 cq=0.00
th=96 steer=12.34 ex=-5.570cm ang=13.98deg z=18.94cm tg=1.000 mode=1 conf=0.382 lost=0 L=4.359 R=4.814 expx=-29.25 bmask=7 red=0.00 blk=0.00 bp=0.00 sym=0.0 lock=0 cq=0.00
th=94 steer=11.09 ex=-5.042cm ang=12.93deg z=18.94cm tg=1.000 mode=1 conf=0.395 lost=0 L=4.478 R=4.886 expx=-26.00 bmask=7 red=0.00 blk=0.00 bp=0.00 sym=0.0 lock=0 cq=0.00
th=94 steer=10.05 ex=-4.532cm ang=11.42deg z=18.94cm tg=1.000 mode=1 conf=0.400 lost=0 L=4.577 R=4.946 expx=-23.25 bmask=7 red=0.00 blk=0.00 bp=0.00 sym=0.0 lock=0 cq=0.00
th=97 steer=9.57 ex=-4.210cm ang=10.27deg z=18.94cm tg=1.000 mode=1 conf=0.406 lost=0 L=4.622 R=4.974 expx=-21.50 bmask=7 red=0.00 blk=0.00 bp=0.00 sym=0.0 lock=0 cq=0.00
th=94 steer=8.59 ex=-3.818cm ang=10.09deg z=18.94cm tg=1.000 mode=1 conf=0.416 lost=0 L=4.715 R=5.031 expx=-19.50 bmask=7 red=0.00 blk=0.00 bp=0.00 sym=0.0 lock=0 cq=0.00
th=97 steer=8.06 ex=-3.482cm ang=9.15deg z=18.94cm tg=1.000 mode=1 conf=0.422 lost=0 L=4.765 R=5.061 expx=-18.00 bmask=7 red=0.00 blk=0.00 bp=0.00 sym=0.0 lock=0 cq=0.00
th=95 steer=7.50 ex=-3.167cm ang=7.95deg z=18.94cm tg=1.000 mode=1 conf=0.430 lost=0 L=4.818 R=5.093 expx=-16.38 bmask=7 red=0.00 blk=0.00 bp=0.00 sym=0.0 lock=0 cq=0.00
th=97 steer=6.82 ex=-2.856cm ang=6.72deg z=18.94cm tg=1.000 mode=1 conf=0.431 lost=0 L=4.881 R=5.132 expx=-14.75 bmask=7 red=0.00 blk=0.00 bp=0.00 sym=0.0 lock=0 cq=0.00
th=97 steer=5.89 ex=-2.553cm ang=6.11deg z=18.94cm tg=0.981 mode=0 conf=0.445 lost=0 L=4.970 R=5.187 expx=-13.38 bmask=7 red=0.00 blk=0.00 bp=0.00 sym=0.0 lock=0 cq=0.00
th=93 steer=5.42 ex=-2.280cm ang=5.14deg z=18.94cm tg=0.825 mode=0 conf=0.445 lost=0 L=5.014 R=5.213 expx=-12.00 bmask=7 red=0.00 blk=0.00 bp=0.00 sym=0.0 lock=0 cq=0.00
th=98 steer=4.92 ex=-2.030cm ang=4.43deg z=18.94cm tg=0.688 mode=0 conf=0.445 lost=0 L=5.061 R=5.242 expx=-10.62 bmask=7 red=0.00 blk=0.00 bp=0.00 sym=0.0 lock=0 cq=0.00
th=94 steer=4.58 ex=-1.790cm ang=3.45deg z=18.94cm tg=0.556 mode=0 conf=0.445 lost=0 L=5.093 R=5.262 expx=-9.50 bmask=7 red=0.00 blk=0.00 bp=0.00 sym=0.0 lock=0 cq=0.00
th=98 steer=4.26 ex=-1.531cm ang=2.20deg z=18.94cm tg=0.438 mode=0 conf=0.445 lost=0 L=5.124 R=5.281 expx=-8.38 bmask=7 red=0.00 blk=0.00 bp=0.00 sym=0.0 lock=0 cq=0.00
th=96 steer=3.60 ex=-1.291cm ang=2.56deg z=18.94cm tg=0.338 mode=0 conf=0.453 lost=0 L=5.186 R=5.318 expx=-7.00 bmask=7 red=0.00 blk=0.00 bp=0.00 sym=0.0 lock=0 cq=0.00
th=95 steer=3.86 ex=-1.032cm ang=1.41deg z=18.94cm tg=0.256 mode=0 conf=0.452 lost=0 L=5.161 R=5.303 expx=-5.50 bmask=7 red=0.00 blk=0.00 bp=0.00 sym=0.0 lock=0 cq=0.00
th=97 steer=2.91 ex=-0.782cm ang=1.57deg z=18.94cm tg=0.188 mode=0 conf=0.453 lost=0 L=5.251 R=5.358 expx=-4.00 bmask=7 red=0.00 blk=0.00 bp=0.00 sym=0.0 lock=0 cq=0.00
th=93 steer=2.43 ex=-0.558cm ang=0.67deg z=18.94cm tg=0.125 mode=0 conf=0.452 lost=0 L=5.296 R=5.386 expx=-3.00 bmask=7 red=0.00 blk=0.00 bp=0.00 sym=0.0 lock=0 cq=0.00
th=97 steer=1.89 ex=-0.384cm ang=0.33deg z=18.94cm tg=0.075 mode=0 conf=0.453 lost=0 L=5.347 R=5.417 expx=-2.00 bmask=7 red=0.00 blk=0.00 bp=0.00 sym=0.0 lock=0 cq=0.00
th=98 steer=1.44 ex=-0.226cm ang=0.50deg z=18.94cm tg=0.037 mode=0 conf=0.453 lost=0 L=5.390 R=5.443 expx=-1.25 bmask=7 red=0.00 blk=0.00 bp=0.00 sym=0.0 lock=0 cq=0.00
th=88 steer=1.12 ex=-0.101cm ang=-0.25deg z=18.94cm tg=0.013 mode=0 conf=0.444 lost=0 L=5.421 R=5.462 expx=-0.50 bmask=7 red=0.00 blk=0.00 bp=0.00 sym=0.0 lock=0 cq=0.00
th=96 steer=0.79 ex=0.000cm ang=0.55deg z=18.94cm tg=0.000 mode=0 conf=0.452 lost=0 L=5.452 R=5.481 expx=0.00 bmask=7 red=0.00 blk=0.00 bp=0.00 sym=0.0 lock=0 cq=0.00
th=97 steer=0.42 ex=0.090cm ang=1.76deg z=18.94cm tg=0.006 mode=0 conf=0.447 lost=0 L=5.487 R=5.502 expx=0.50 bmask=7 red=0.00 blk=0.00 bp=0.00 sym=0.0 lock=0 cq=0.00
th=94 steer=0.14 ex=0.136cm ang=3.19deg z=18.94cm tg=0.013 mode=0 conf=0.455 lost=0 L=5.513 R=5.518 expx=0.75 bmask=7 red=0.00 blk=0.00 bp=0.00 sym=0.0 lock=0 cq=0.00
th=96 steer=-0.03 ex=0.178cm ang=4.90deg z=18.94cm tg=0.013 mode=0 conf=0.456 lost=0 L=5.525 R=5.524 expx=1.00 bmask=7 red=0.00 blk=0.00 bp=0.00 sym=0.0 lock=0 cq=0.00
th=96 steer=-0.04 ex=0.178cm ang=6.72deg z=18.94cm tg=0.056 mode=0 conf=0.458 lost=0 L=5.524 R=5.522 expx=1.00 bmask=7 red=0.00 blk=0.00 bp=0.00 sym=0.0 lock=0 cq=0.00
th=98 steer=-0.08 ex=0.180cm ang=9.05deg z=18.94cm tg=0.125 mode=0 conf=0.460 lost=0 L=5.522 R=5.519 expx=1.00 bmask=7 red=0.00 blk=0.00 bp=0.00 sym=0.0 lock=0 cq=0.00
th=96 steer=-0.09 ex=0.185cm ang=11.41deg z=18.94cm tg=0.206 mode=0 conf=0.460 lost=0 L=5.521 R=5.518 expx=1.00 bmask=7 red=0.00 blk=0.00 bp=0.00 sym=0.0 lock=0 cq=0.00
th=98 steer=-0.05 ex=0.187cm ang=13.37deg z=18.94cm tg=0.294 mode=0 conf=0.464 lost=0 L=5.524 R=5.522 expx=1.00 bmask=7 red=0.00 blk=0.00 bp=0.00 sym=0.0 lock=0 cq=0.00
th=98 steer=-0.88 ex=0.095cm ang=14.76deg z=18.94cm tg=0.431 mode=0 conf=0.460 lost=0 L=5.476 R=5.443 expx=0.50 bmask=7 red=0.00 blk=0.00 bp=0.00 sym=0.0 lock=0 cq=0.00
th=92 steer=-0.94 ex=0.000cm ang=17.14deg z=18.94cm tg=0.594 mode=0 conf=0.467 lost=0 L=5.472 R=5.438 expx=0.00 bmask=7 red=0.00 blk=0.00 bp=0.00 sym=0.0 lock=0 cq=0.00
th=92 steer=-0.73 ex=-0.131cm ang=18.44deg z=18.94cm tg=0.725 mode=0 conf=0.464 lost=0 L=5.484 R=5.457 expx=-0.75 bmask=7 red=0.00 blk=0.00 bp=0.00 sym=0.0 lock=0 cq=0.00
th=91 steer=-0.83 ex=-0.225cm ang=20.85deg z=18.94cm tg=0.944 mode=0 conf=0.474 lost=0 L=5.478 R=5.447 expx=-1.25 bmask=7 red=0.00 blk=0.00 bp=0.00 sym=0.0 lock=0 cq=0.00
th=92 steer=-1.40 ex=-0.400cm ang=22.27deg z=18.94cm tg=1.000 mode=1 conf=0.475 lost=0 L=5.446 R=5.394 expx=-2.00 bmask=7 red=0.00 blk=0.00 bp=0.00 sym=0.0 lock=0 cq=0.00
th=91 steer=-1.27 ex=-0.558cm ang=24.57deg z=18.94cm tg=1.000 mode=1 conf=0.469 lost=0 L=5.453 R=5.406 expx=-3.00 bmask=7 red=0.00 blk=0.00 bp=0.00 sym=0.0 lock=0 cq=0.00
th=98 steer=-0.99 ex=-0.739cm ang=26.21deg z=18.94cm tg=1.000 mode=1 conf=0.461 lost=0 L=5.469 R=5.432 expx=-4.00 bmask=7 red=0.00 blk=0.00 bp=0.00 sym=0.0 lock=0 cq=0.00
th=94 steer=-0.97 ex=-0.889cm ang=28.41deg z=18.94cm tg=1.000 mode=1 conf=0.446 lost=0 L=5.470 R=5.435 expx=-4.88 bmask=7 red=0.00 blk=0.00 bp=0.00 sym=0.0 lock=0 cq=0.00
th=97 steer=-0.93 ex=-1.067cm ang=30.54deg z=18.94cm tg=1.000 mode=1 conf=0.432 lost=0 L=5.473 R=5.438 expx=-5.75 bmask=7 red=0.00 blk=0.00 bp=0.00 sym=0.0 lock=0 cq=0.00
th=99 steer=-1.65 ex=-1.153cm ang=30.13deg z=18.94cm tg=1.000 mode=1 conf=0.428 lost=0 L=5.431 R=5.370 expx=-6.00 bmask=7 red=0.00 blk=0.00 bp=0.00 sym=0.0 lock=0 cq=0.00
th=97 steer=5.09 ex=-0.749cm ang=-36.42deg z=18.94cm tg=1.000 mode=1 conf=0.415 lost=0 L=5.045 R=5.233 expx=-4.00 bmask=7 red=0.00 blk=0.00 bp=0.00 sym=0.0 lock=0 cq=0.00
th=95 steer=3.81 ex=-0.275cm ang=-39.27deg z=18.94cm tg=1.000 mode=1 conf=0.403 lost=0 L=5.167 R=5.307 expx=-1.50 bmask=7 red=0.00 blk=0.00 bp=0.00 sym=0.0 lock=0 cq=0.00
th=98 steer=3.14 ex=0.097cm ang=-41.80deg z=18.94cm tg=1.000 mode=1 conf=0.398 lost=0 L=5.229 R=5.345 expx=0.50 bmask=7 red=0.00 blk=0.00 bp=0.00 sym=0.0 lock=0 cq=0.00
th=98 steer=3.75 ex=0.481cm ang=-41.29deg z=18.94cm tg=0.078 mode=0 conf=0.388 lost=0 L=5.172 R=5.310 expx=2.50 bmask=7 red=0.00 blk=0.00 bp=0.00 sym=0.0 lock=0 cq=0.00
th=96 steer=-5.25 ex=0.392cm ang=-40.22deg z=18.94cm tg=1.000 mode=1 conf=0.373 lost=0 L=5.223 R=5.030 expx=2.00 bmask=7 red=0.00 blk=0.00 bp=0.00 sym=0.0 lock=0 cq=0.00
th=96 steer=-12.39 ex=-0.260cm ang=30.44deg z=18.94cm tg=1.000 mode=1 conf=0.340 lost=0 L=4.811 R=4.355 expx=-1.50 bmask=7 red=0.00 blk=0.00 bp=0.00 sym=0.0 lock=0 cq=0.00
th=97 steer=-6.12 ex=-1.265cm ang=33.72deg z=18.94cm tg=1.000 mode=1 conf=0.353 lost=0 L=5.173 R=4.948 expx=-6.75 bmask=7 red=0.00 blk=0.00 bp=0.00 sym=0.0 lock=0 cq=0.00
th=97 steer=-3.32 ex=-1.982cm ang=36.55deg z=18.94cm tg=1.000 mode=1 conf=0.351 lost=0 L=5.335 R=5.213 expx=-10.38 bmask=7 red=0.00 blk=0.00 bp=0.00 sym=0.0 lock=0 cq=0.00
th=95 steer=-0.72 ex=-2.585cm ang=39.02deg z=18.94cm tg=1.000 mode=1 conf=0.356 lost=0 L=5.485 R=5.458 expx=-13.62 bmask=7 red=0.00 blk=0.00 bp=0.00 sym=0.0 lock=0 cq=0.00
th=97 steer=1.22 ex=-3.122cm ang=38.73deg z=18.94cm tg=1.000 mode=1 conf=0.344 lost=0 L=5.411 R=5.456 expx=-16.25 bmask=7 red=0.00 blk=0.00 bp=0.00 sym=0.0 lock=0 cq=0.00
th=98 steer=3.20 ex=-3.599cm ang=40.34deg z=18.94cm tg=1.000 mode=1 conf=0.344 lost=0 L=5.224 R=5.342 expx=-18.38 bmask=7 red=0.00 blk=0.00 bp=0.00 sym=0.0 lock=0 cq=0.00
th=98 steer=4.33 ex=-3.857cm ang=41.54deg z=18.94cm tg=0.769 mode=0 conf=0.335 lost=0 L=5.117 R=5.277 expx=-19.88 bmask=7 red=0.00 blk=0.00 bp=0.00 sym=0.0 lock=0 cq=0.00
th=96 steer=5.46 ex=-4.196cm ang=42.06deg z=18.94cm tg=0.506 mode=0 conf=0.244 lost=0 L=5.011 R=5.211 expx=-21.00 bmask=7 red=0.00 blk=0.00 bp=0.00 sym=0.0 lock=0 cq=0.00
th=97 steer=5.89 ex=-4.310cm ang=42.94deg z=19.09cm tg=0.438 mode=0 conf=0.226 lost=0 L=4.969 R=5.186 expx=-22.00 bmask=7 red=0.00 blk=0.00 bp=0.00 sym=0.0 lock=0 cq=0.00
th=97 steer=6.82 ex=-4.488cm ang=42.41deg z=19.09cm tg=0.331 mode=0 conf=0.208 lost=0 L=4.881 R=5.132 expx=-23.25 bmask=7 red=0.00 blk=0.00 bp=0.00 sym=0.0 lock=0 cq=0.00
th=97 steer=6.69 ex=-4.750cm ang=42.73deg z=19.24cm tg=0.550 mode=0 conf=0.184 lost=0 L=4.894 R=5.140 expx=-24.25 bmask=7 red=0.00 blk=0.00 bp=0.00 sym=0.0 lock=0 cq=0.00
th=98 steer=7.26 ex=-4.898cm ang=42.99deg z=19.40cm tg=0.588 mode=0 conf=0.172 lost=0 L=4.840 R=5.107 expx=-25.75 bmask=7 red=0.00 blk=0.00 bp=0.00 sym=0.0 lock=0 cq=0.00
th=97 steer=7.94 ex=-5.068cm ang=43.20deg z=19.40cm tg=0.487 mode=0 conf=0.144 lost=0 L=4.775 R=5.068 expx=-26.75 bmask=7 red=0.00 blk=0.00 bp=0.00 sym=0.0 lock=0 cq=0.00
th=99 steer=8.12 ex=-5.167cm ang=43.54deg z=19.56cm tg=0.438 mode=0 conf=0.117 lost=0 L=4.759 R=5.057 expx=-27.00 bmask=7 red=0.00 blk=0.00 bp=0.00 sym=0.0 lock=0 cq=0.00
th=98 steer=8.50 ex=-5.263cm ang=43.84deg z=19.56cm tg=0.362 mode=0 conf=0.114 lost=0 L=4.723 R=5.036 expx=-27.50 bmask=7 red=0.00 blk=0.00 bp=0.00 sym=0.0 lock=0 cq=0.00
th=97 steer=8.87 ex=-5.300cm ang=43.99deg z=19.56cm tg=0.250 mode=0 conf=0.114 lost=0 L=4.688 R=5.014 expx=-27.75 bmask=7 red=0.00 blk=0.00 bp=0.00 sym=0.0 lock=0 cq=0.00
th=96 steer=5.09 ex=-4.079cm ang=53.28deg z=19.71cm tg=0.050 mode=0 conf=0.110 lost=0 L=5.045 R=5.232 expx=-21.50 bmask=7 red=0.00 blk=0.00 bp=0.00 sym=0.0 lock=0 cq=0.00
th=93 steer=5.71 ex=-4.174cm ang=53.78deg z=19.87cm tg=0.075 mode=0 conf=0.106 lost=0 L=4.987 R=5.197 expx=-22.00 bmask=7 red=0.00 blk=0.00 bp=0.00 sym=0.0 lock=0 cq=0.00
th=95 steer=7.30 ex=-4.364cm ang=53.98deg z=19.87cm tg=0.275 mode=0 conf=0.106 lost=0 L=4.836 R=5.105 expx=-23.00 bmask=7 red=0.00 blk=0.00 bp=0.00 sym=0.0 lock=0 cq=0.00
th=95 steer=6.90 ex=-4.648cm ang=54.61deg z=20.03cm tg=0.475 mode=0 conf=0.103 lost=0 L=4.874 R=5.128 expx=-24.50 bmask=7 red=0.00 blk=0.00 bp=0.00 sym=0.0 lock=0 cq=0.00
th=94 steer=7.39 ex=-4.838cm ang=54.56deg z=20.03cm tg=0.625 mode=0 conf=0.103 lost=0 L=4.828 R=5.100 expx=-25.50 bmask=7 red=0.00 blk=0.00 bp=0.00 sym=0.0 lock=0 cq=0.00
th=97 steer=7.74 ex=-5.028cm ang=54.80deg z=20.18cm tg=0.713 mode=0 conf=0.099 lost=0 L=4.794 R=5.079 expx=-26.50 bmask=7 red=0.00 blk=0.00 bp=0.00 sym=0.0 lock=0 cq=0.00
th=90 steer=8.14 ex=-5.218cm ang=55.49deg z=20.34cm tg=0.675 mode=0 conf=0.096 lost=0 L=4.757 R=5.056 expx=-27.50 bmask=7 red=0.00 blk=0.00 bp=0.00 sym=0.0 lock=0 cq=0.00
th=97 steer=8.71 ex=-5.455cm ang=54.94deg z=20.34cm tg=0.863 mode=0 conf=0.096 lost=0 L=4.703 R=5.024 expx=-28.75 bmask=7 red=0.00 blk=0.00 bp=0.00 sym=0.0 lock=0 cq=0.00
th=96 steer=8.96 ex=-5.597cm ang=54.94deg z=20.34cm tg=0.975 mode=0 conf=0.096 lost=0 L=4.679 R=5.009 expx=-29.50 bmask=7 red=0.00 blk=0.00 bp=0.00 sym=0.0 lock=0 cq=0.00
th=96 steer=9.64 ex=-5.597cm ang=54.80deg z=20.34cm tg=1.000 mode=1 conf=0.096 lost=0 L=4.615 R=4.970 expx=-29.50 bmask=7 red=0.00 blk=0.00 bp=0.00 sym=0.0 lock=0 cq=0.00
th=93 steer=10.23 ex=-5.597cm ang=39.76deg z=33.50cm tg=1.000 mode=1 conf=0.128 lost=0 L=4.559 R=4.936 expx=-29.50 bmask=3 red=0.00 blk=0.00 bp=0.00 sym=0.0 lock=0 cq=0.00
th=93 steer=10.42 ex=-5.644cm ang=39.45deg z=33.50cm tg=1.000 mode=1 conf=0.128 lost=0 L=4.541 R=4.925 expx=-29.75 bmask=3 red=0.00 blk=0.00 bp=0.00 sym=0.0 lock=0 cq=0.00
th=97 steer=10.47 ex=-5.692cm ang=39.73deg z=33.50cm tg=1.000 mode=1 conf=0.128 lost=0 L=4.536 R=4.922 expx=-30.00 bmask=3 red=0.00 blk=0.00 bp=0.00 sym=0.0 lock=0 cq=0.00
th=97 steer=10.49 ex=-5.692cm ang=39.43deg z=33.50cm tg=1.000 mode=1 conf=0.128 lost=0 L=4.534 R=4.920 expx=-30.00 bmask=3 red=0.00 blk=0.00 bp=0.00 sym=0.0 lock=0 cq=0.00
th=95 steer=10.33 ex=-5.644cm ang=39.58deg z=33.50cm tg=1.000 mode=1 conf=0.128 lost=0 L=4.550 R=4.930 expx=-29.75 bmask=3 red=0.00 blk=0.00 bp=0.00 sym=0.0 lock=0 cq=0.00
th=96 steer=10.39 ex=-5.644cm ang=39.49deg z=33.50cm tg=1.000 mode=1 conf=0.128 lost=0 L=4.544 R=4.926 expx=-29.75 bmask=3 red=0.00 blk=0.00 bp=0.00 sym=0.0 lock=0 cq=0.00
th=96 steer=9.50 ex=-5.597cm ang=54.49deg z=20.34cm tg=1.000 mode=1 conf=0.096 lost=0 L=4.628 R=4.978 expx=-29.50 bmask=7 red=0.00 blk=0.00 bp=0.00 sym=0.0 lock=0 cq=0.00
th=95 steer=10.17 ex=-5.597cm ang=39.65deg z=33.50cm tg=1.000 mode=1 conf=0.128 lost=0 L=4.565 R=4.939 expx=-29.50 bmask=3 red=0.00 blk=0.00 bp=0.00 sym=0.0 lock=0 cq=0.00
th=97 steer=10.40 ex=-5.644cm ang=39.54deg z=33.50cm tg=1.000 mode=1 conf=0.128 lost=0 L=4.543 R=4.926 expx=-29.75 bmask=3 red=0.00 blk=0.00 bp=0.00 sym=0.0 lock=0 cq=0.00
th=93 steer=10.18 ex=-5.597cm ang=39.82deg z=33.50cm tg=1.000 mode=1 conf=0.128 lost=0 L=4.564 R=4.938 expx=-29.50 bmask=3 red=0.00 blk=0.00 bp=0.00 sym=0.0 lock=0 cq=0.00
th=96 steer=10.21 ex=-5.597cm ang=39.65deg z=33.50cm tg=1.000 mode=1 conf=0.128 lost=0 L=4.561 R=4.937 expx=-29.50 bmask=3 red=0.00 blk=0.00 bp=0.00 sym=0.0 lock=0 cq=0.00
th=94 steer=10.21 ex=-5.597cm ang=39.70deg z=33.50cm tg=1.000 mode=1 conf=0.128 lost=0 L=4.561 R=4.937 expx=-29.50 bmask=3 red=0.00 blk=0.00 bp=0.00 sym=0.0 lock=0 cq=0.00
th=96 steer=10.20 ex=-5.597cm ang=39.67deg z=33.50cm tg=1.000 mode=1 conf=0.128 lost=0 L=4.562 R=4.937 expx=-29.50 bmask=3 red=0.00 blk=0.00 bp=0.00 sym=0.0 lock=0 cq=0.00
th=95 steer=10.40 ex=-5.644cm ang=39.86deg z=33.50cm tg=1.000 mode=1 conf=0.128 lost=0 L=4.543 R=4.926 expx=-29.75 bmask=3 red=0.00 blk=0.00 bp=0.00 sym=0.0 lock=0 cq=0.00
th=88 steer=10.25 ex=-5.597cm ang=39.55deg z=33.50cm tg=1.000 mode=1 conf=0.128 lost=0 L=4.557 R=4.934 expx=-29.50 bmask=3 red=0.00 blk=0.00 bp=0.00 sym=0.0 lock=0 cq=0.00
th=92 steer=10.21 ex=-5.597cm ang=39.62deg z=33.50cm tg=1.000 mode=1 conf=0.128 lost=0 L=4.561 R=4.937 expx=-29.50 bmask=3 red=0.00 blk=0.00 bp=0.00 sym=0.0 lock=0 cq=0.00
th=95 steer=10.25 ex=-5.597cm ang=39.57deg z=33.50cm tg=1.000 mode=1 conf=0.128 lost=0 L=4.557 R=4.934 expx=-29.50 bmask=3 red=0.00 blk=0.00 bp=0.00 sym=0.0 lock=0 cq=0.00
th=94 steer=10.23 ex=-5.597cm ang=39.54deg z=33.50cm tg=1.000 mode=1 conf=0.128 lost=0 L=4.559 R=4.936 expx=-29.50 bmask=3 red=0.00 blk=0.00 bp=0.00 sym=0.0 lock=0 cq=0.00
th=96 steer=10.24 ex=-5.597cm ang=39.72deg z=33.50cm tg=1.000 mode=1 conf=0.128 lost=0 L=4.558 R=4.935 expx=-29.50 bmask=3 red=0.00 blk=0.00 bp=0.00 sym=0.0 lock=0 cq=0.00
th=95 steer=10.27 ex=-5.597cm ang=39.67deg z=33.50cm tg=1.000 mode=1 conf=0.128 lost=0 L=4.556 R=4.934 expx=-29.50 bmask=3 red=0.00 blk=0.00 bp=0.00 sym=0.0 lock=0 cq=0.00
th=96 steer=10.38 ex=-5.644cm ang=40.00deg z=33.50cm tg=1.000 mode=1 conf=0.128 lost=0 L=4.545 R=4.927 expx=-29.75 bmask=3 red=0.00 blk=0.00 bp=0.00 sym=0.0 lock=0 cq=0.00
th=93 steer=10.62 ex=-5.692cm ang=39.50deg z=33.50cm tg=1.000 mode=1 conf=0.128 lost=0 L=4.522 R=4.913 expx=-30.00 bmask=3 red=0.00 blk=0.00 bp=0.00 sym=0.0 lock=0 cq=0.00
th=96 steer=10.45 ex=-5.644cm ang=39.55deg z=33.50cm tg=1.000 mode=1 conf=0.128 lost=0 L=4.538 R=4.923 expx=-29.75 bmask=3 red=0.00 blk=0.00 bp=0.00 sym=0.0 lock=0 cq=0.00
th=92 steer=10.46 ex=-5.644cm ang=39.70deg z=33.50cm tg=1.000 mode=1 conf=0.128 lost=0 L=4.537 R=4.922 expx=-29.75 bmask=3 red=0.00 blk=0.00 bp=0.00 sym=0.0 lock=0 cq=0.00
th=97 steer=10.43 ex=-5.644cm ang=39.63deg z=33.50cm tg=1.000 mode=1 conf=0.128 lost=0 L=4.540 R=4.924 expx=-29.75 bmask=3 red=0.00 blk=0.00 bp=0.00 sym=0.0 lock=0 cq=0.00
th=96 steer=10.23 ex=-5.597cm ang=39.71deg z=33.50cm tg=1.000 mode=1 conf=0.128 lost=0 L=4.559 R=4.936 expx=-29.50 bmask=3 red=0.00 blk=0.00 bp=0.00 sym=0.0 lock=0 cq=0.00
th=93 steer=10.29 ex=-5.597cm ang=39.62deg z=33.50cm tg=1.000 mode=1 conf=0.128 lost=0 L=4.553 R=4.932 expx=-29.50 bmask=3 red=0.00 blk=0.00 bp=0.00 sym=0.0 lock=0 cq=0.00
th=95 steer=10.30 ex=-5.597cm ang=39.89deg z=33.50cm tg=1.000 mode=1 conf=0.128 lost=0 L=4.553 R=4.932 expx=-29.50 bmask=3 red=0.00 blk=0.00 bp=0.00 sym=0.0 lock=0 cq=0.00
th=95 steer=9.88 ex=-5.644cm ang=54.31deg z=20.34cm tg=1.000 mode=1 conf=0.096 lost=0 L=4.593 R=4.956 expx=-29.75 bmask=7 red=0.00 blk=0.00 bp=0.00 sym=0.0 lock=0 cq=0.00
th=98 steer=10.45 ex=-5.644cm ang=39.86deg z=33.50cm tg=1.000 mode=1 conf=0.128 lost=0 L=4.539 R=4.923 expx=-29.75 bmask=3 red=0.00 blk=0.00 bp=0.00 sym=0.0 lock=0 cq=0.00
th=93 steer=10.06 ex=-5.692cm ang=54.42deg z=20.34cm tg=1.000 mode=1 conf=0.096 lost=0 L=4.575 R=4.945 expx=-30.00 bmask=7 red=0.00 blk=0.00 bp=0.00 sym=0.0 lock=0 cq=0.00
th=97 steer=10.13 ex=-5.692cm ang=54.08deg z=20.34cm tg=1.000 mode=1 conf=0.096 lost=0 L=4.569 R=4.942 expx=-30.00 bmask=7 red=0.00 blk=0.00 bp=0.00 sym=0.0 lock=0 cq=0.00
th=96 steer=10.30 ex=-5.739cm ang=54.52deg z=20.34cm tg=1.000 mode=1 conf=0.096 lost=0 L=4.553 R=4.932 expx=-30.25 bmask=7 red=0.00 blk=0.00 bp=0.00 sym=0.0 lock=0 cq=0.00
th=97 steer=10.49 ex=-5.787cm ang=54.53deg z=20.34cm tg=1.000 mode=1 conf=0.096 lost=0 L=4.535 R=4.921 expx=-30.50 bmask=7 red=0.00 blk=0.00 bp=0.00 sym=0.0 lock=0 cq=0.00
th=95 steer=10.44 ex=-5.787cm ang=54.77deg z=20.34cm tg=1.000 mode=1 conf=0.096 lost=0 L=4.539 R=4.924 expx=-30.50 bmask=7 red=0.00 blk=0.00 bp=0.00 sym=0.0 lock=0 cq=0.00
th=93 steer=10.49 ex=-5.787cm ang=54.49deg z=20.34cm tg=1.000 mode=1 conf=0.096 lost=0 L=4.535 R=4.921 expx=-30.50 bmask=7 red=0.00 blk=0.00 bp=0.00 sym=0.0 lock=0 cq=0.00
th=94 steer=9.74 ex=-5.787cm ang=54.79deg z=20.34cm tg=0.975 mode=0 conf=0.096 lost=0 L=4.606 R=4.964 expx=-30.50 bmask=7 red=0.00 blk=0.00 bp=0.00 sym=0.0 lock=0 cq=0.00
th=96 steer=9.91 ex=-5.834cm ang=54.66deg z=20.34cm tg=0.938 mode=0 conf=0.096 lost=0 L=4.590 R=4.954 expx=-30.75 bmask=7 red=0.00 blk=0.00 bp=0.00 sym=0.0 lock=0 cq=0.00
th=94 steer=10.18 ex=-5.929cm ang=54.61deg z=20.34cm tg=0.938 mode=0 conf=0.096 lost=0 L=4.564 R=4.939 expx=-31.25 bmask=7 red=0.00 blk=0.00 bp=0.00 sym=0.0 lock=0 cq=0.00
th=96 steer=10.11 ex=-5.929cm ang=54.90deg z=20.34cm tg=0.887 mode=0 conf=0.096 lost=0 L=4.570 R=4.942 expx=-31.25 bmask=7 red=0.00 blk=0.00 bp=0.00 sym=0.0 lock=0 cq=0.00
th=93 steer=10.26 ex=-5.977cm ang=54.80deg z=20.34cm tg=0.850 mode=0 conf=0.096 lost=0 L=4.556 R=4.934 expx=-31.50 bmask=7 red=0.00 blk=0.00 bp=0.00 sym=0.0 lock=0 cq=0.00
th=92 steer=10.41 ex=-6.024cm ang=54.70deg z=20.34cm tg=0.863 mode=0 conf=0.096 lost=0 L=4.542 R=4.925 expx=-31.75 bmask=7 red=0.00 blk=0.00 bp=0.00 sym=0.0 lock=0 cq=0.00
th=92 steer=10.31 ex=-5.977cm ang=54.63deg z=20.34cm tg=0.800 mode=0 conf=0.096 lost=0 L=4.552 R=4.931 expx=-31.50 bmask=7 red=0.00 blk=0.00 bp=0.00 sym=0.0 lock=0 cq=0.00
th=94 steer=10.34 ex=-5.977cm ang=53.66deg z=20.18cm tg=0.938 mode=0 conf=0.099 lost=0 L=4.549 R=4.929 expx=-31.50 bmask=7 red=0.00 blk=0.00 bp=0.00 sym=0.0 lock=0 cq=0.00
th=93 steer=10.57 ex=-6.025cm ang=53.31deg z=20.18cm tg=0.838 mode=0 conf=0.099 lost=0 L=4.527 R=4.916 expx=-31.75 bmask=7 red=0.00 blk=0.00 bp=0.00 sym=0.0 lock=0 cq=0.00
th=94 steer=10.51 ex=-5.977cm ang=53.28deg z=20.18cm tg=0.675 mode=0 conf=0.099 lost=0 L=4.533 R=4.919 expx=-31.50 bmask=7 red=0.00 blk=0.00 bp=0.00 sym=0.0 lock=0 cq=0.00
th=91 steer=10.61 ex=-5.977cm ang=52.31deg z=20.03cm tg=0.650 mode=0 conf=0.103 lost=0 L=4.523 R=4.914 expx=-31.50 bmask=7 red=0.00 blk=0.00 bp=0.00 sym=0.0 lock=0 cq=0.00
th=95 steer=10.72 ex=-5.977cm ang=51.52deg z=19.87cm tg=0.600 mode=0 conf=0.106 lost=0 L=4.513 R=4.908 expx=-31.50 bmask=7 red=0.00 blk=0.00 bp=0.00 sym=0.0 lock=0 cq=0.00
th=97 steer=10.74 ex=-5.929cm ang=50.47deg z=19.71cm tg=0.512 mode=0 conf=0.110 lost=0 L=4.511 R=4.906 expx=-31.25 bmask=7 red=0.00 blk=0.00 bp=0.00 sym=0.0 lock=0 cq=0.00
th=94 steer=10.60 ex=-5.834cm ang=50.05deg z=19.56cm tg=0.388 mode=0 conf=0.114 lost=0 L=4.524 R=4.914 expx=-30.75 bmask=7 red=0.00 blk=0.00 bp=0.00 sym=0.0 lock=0 cq=0.00
th=96 steer=10.62 ex=-5.787cm ang=48.95deg z=19.24cm tg=0.388 mode=0 conf=0.121 lost=0 L=4.522 R=4.913 expx=-30.50 bmask=7 red=0.00 blk=0.00 bp=0.00 sym=0.0 lock=0 cq=0.00
th=95 steer=10.67 ex=-5.787cm ang=48.03deg z=18.94cm tg=0.338 mode=0 conf=0.128 lost=0 L=4.517 R=4.910 expx=-30.50 bmask=7 red=0.00 blk=0.00 bp=0.00 sym=0.0 lock=0 cq=0.00
th=94 steer=10.57 ex=-5.644cm ang=47.04deg z=18.94cm tg=0.013 mode=0 conf=0.128 lost=0 L=4.527 R=4.916 expx=-29.75 bmask=7 red=0.00 blk=0.00 bp=0.00 sym=0.0 lock=0 cq=0.00
th=97 steer=10.16 ex=-5.550cm ang=46.10deg z=18.94cm tg=0.838 mode=0 conf=0.136 lost=0 L=4.565 R=4.939 expx=-29.25 bmask=7 red=0.00 blk=0.00 bp=0.00 sym=0.0 lock=0 cq=0.00
th=97 steer=10.33 ex=-5.502cm ang=44.92deg z=18.94cm tg=0.438 mode=0 conf=0.148 lost=0 L=4.549 R=4.930 expx=-29.00 bmask=7 red=0.00 blk=0.00 bp=0.00 sym=0.0 lock=0 cq=0.00
th=98 steer=10.38 ex=-5.408cm ang=44.47deg z=18.94cm tg=0.031 mode=0 conf=0.134 lost=0 L=4.545 R=4.927 expx=-28.50 bmask=7 red=0.00 blk=0.00 bp=0.00 sym=0.0 lock=0 cq=0.00
th=96 steer=10.62 ex=-5.408cm ang=43.55deg z=18.94cm tg=0.069 mode=0 conf=0.109 lost=0 L=4.523 R=4.913 expx=-28.50 bmask=7 red=0.00 blk=0.00 bp=0.00 sym=0.0 lock=0 cq=0.00
th=94 steer=9.90 ex=-5.313cm ang=42.35deg z=18.94cm tg=0.150 mode=0 conf=0.128 lost=0 L=4.591 R=4.955 expx=-28.00 bmask=5 red=0.00 blk=0.00 bp=0.00 sym=0.0 lock=0 cq=0.00
th=97 steer=9.20 ex=-5.360cm ang=41.13deg z=18.94cm tg=0.519 mode=0 conf=0.128 lost=0 L=4.657 R=4.995 expx=-28.25 bmask=5 red=0.00 blk=0.00 bp=0.00 sym=0.0 lock=0 cq=0.00
th=97 steer=7.88 ex=-5.455cm ang=41.47deg z=18.94cm tg=1.000 mode=1 conf=0.128 lost=0 L=4.781 R=5.071 expx=-28.75 bmask=5 red=0.00 blk=0.00 bp=0.00 sym=0.0 lock=0 cq=0.00
th=97 steer=4.99 ex=-5.597cm ang=43.11deg z=18.94cm tg=1.000 mode=1 conf=0.128 lost=0 L=5.055 R=5.238 expx=-29.50 bmask=5 red=0.00 blk=0.00 bp=0.00 sym=0.0 lock=0 cq=0.00
th=96 steer=12.65 ex=-5.787cm ang=42.35deg z=18.94cm tg=0.200 mode=0 conf=0.128 lost=0 L=4.331 R=4.796 expx=-30.50 bmask=5 red=0.00 blk=0.00 bp=0.00 sym=0.0 lock=0 cq=0.00
th=98 steer=9.93 ex=-5.644cm ang=42.30deg z=18.94cm tg=0.481 mode=0 conf=0.128 lost=0 L=4.587 R=4.953 expx=-29.75 bmask=5 red=0.00 blk=0.00 bp=0.00 sym=0.0 lock=0 cq=0.00
th=96 steer=8.06 ex=-5.977cm ang=44.40deg z=18.94cm tg=1.000 mode=1 conf=0.098 lost=0 L=4.764 R=5.061 expx=-31.50 bmask=7 red=0.00 blk=0.00 bp=0.00 sym=0.0 lock=0 cq=0.00
th=97 steer=7.12 ex=-6.261cm ang=45.19deg z=18.94cm tg=1.000 mode=1 conf=0.128 lost=0 L=4.854 R=5.115 expx=-33.00 bmask=5 red=0.00 blk=0.00 bp=0.00 sym=0.0 lock=0 cq=0.00
th=97 steer=8.10 ex=-6.593cm ang=45.27deg z=18.94cm tg=1.000 mode=1 conf=0.128 lost=0 L=4.761 R=5.059 expx=-34.75 bmask=5 red=0.00 blk=0.00 bp=0.00 sym=0.0 lock=0 cq=0.00
th=98 steer=19.42 ex=-6.058cm ang=-14.73deg z=18.94cm tg=1.000 mode=1 conf=0.112 lost=0 L=3.691 R=4.405 expx=-32.75 bmask=5 red=0.00 blk=0.00 bp=0.00 sym=0.0 lock=0 cq=0.00
th=97 steer=12.21 ex=-5.538cm ang=15.88deg z=18.94cm tg=1.000 mode=1 conf=0.304 lost=0 L=4.372 R=4.821 expx=-28.25 bmask=7 red=0.00 blk=0.00 bp=0.00 sym=0.0 lock=0 cq=0.00
th=96 steer=9.38 ex=-4.540cm ang=9.69deg z=18.94cm tg=1.000 mode=1 conf=0.293 lost=0 L=4.640 R=4.985 expx=-22.62 bmask=7 red=0.00 blk=0.00 bp=0.00 sym=0.0 lock=0 cq=0.00
th=97 steer=25.25 ex=-6.251cm ang=23.04deg z=18.94cm tg=1.000 mode=1 conf=0.408 lost=0 L=3.139 R=4.068 expx=-49.43 bmask=6 red=0.00 blk=0.00 bp=0.00 sym=0.0 lock=0 cq=0.00
th=98 steer=21.48 ex=-8.667cm ang=17.63deg z=18.94cm tg=0.997 mode=0 conf=0.428 lost=0 L=3.496 R=4.286 expx=-50.43 bmask=6 red=0.00 blk=0.00 bp=0.00 sym=0.0 lock=0 cq=0.00
th=98 steer=14.59 ex=-9.852cm ang=12.95deg z=18.94cm tg=1.000 mode=1 conf=0.554 lost=0 L=4.331 R=4.868 expx=-32.19 bmask=6 red=0.00 blk=0.00 bp=0.33 sym=-3.0 lock=0 cq=0.31
th=98 steer=7.45 ex=-4.165cm ang=-15.54deg z=18.94cm tg=1.000 mode=1 conf=0.395 lost=0 L=4.964 R=5.238 expx=-13.61 bmask=7 red=0.00 blk=0.00 bp=0.67 sym=21.1 lock=0 cq=0.21
th=96 steer=6.22 ex=-3.917cm ang=7.43deg z=18.94cm tg=1.000 mode=1 conf=0.781 lost=0 L=5.439 R=5.668 expx=-12.80 bmask=7 red=0.00 blk=0.00 bp=0.83 sym=2.2 lock=1 cq=0.73
th=99 steer=6.22 ex=-4.412cm ang=6.70deg z=18.94cm tg=0.923 mode=1 conf=0.478 lost=0 L=4.994 R=5.223 expx=-14.42 bmask=7 red=0.00 blk=0.00 bp=0.08 sym=-18.5 lock=0 cq=0.08
th=99 steer=5.06 ex=-2.456cm ang=5.46deg z=18.94cm tg=0.800 mode=0 conf=0.462 lost=0 L=5.048 R=5.234 expx=-13.00 bmask=7 red=0.00 blk=0.00 bp=0.00 sym=0.0 lock=0 cq=0.00
th=99 steer=4.53 ex=-2.246cm ang=3.84deg z=18.94cm tg=0.688 mode=0 conf=0.450 lost=0 L=5.099 R=5.265 expx=-11.50 bmask=7 red=0.00 blk=0.00 bp=0.00 sym=0.0 lock=0 cq=0.00
th=98 steer=4.20 ex=-2.042cm ang=5.53deg z=18.94cm tg=0.537 mode=0 conf=0.443 lost=0 L=5.129 R=5.284 expx=-10.88 bmask=7 red=0.00 blk=0.00 bp=0.00 sym=0.0 lock=0 cq=0.00
th=102 steer=3.61 ex=-2.832cm ang=3.87deg z=18.94cm tg=0.462 mode=0 conf=0.560 lost=0 L=5.381 R=5.514 expx=-9.25 bmask=7 red=0.00 blk=0.00 bp=0.08 sym=-5.2 lock=0 cq=0.27
th=100 steer=3.31 ex=-2.445cm ang=2.31deg z=18.94cm tg=0.394 mode=0 conf=0.531 lost=0 L=5.447 R=5.569 expx=-7.99 bmask=7 red=0.00 blk=0.00 bp=0.50 sym=-1.8 lock=0 cq=0.32
th=99 steer=6.19 ex=-2.913cm ang=1.70deg z=18.94cm tg=0.193 mode=1 conf=0.406 lost=0 L=4.979 R=5.206 expx=-9.52 bmask=7 red=0.00 blk=0.00 bp=0.08 sym=-20.2 lock=0 cq=0.05
th=100 steer=3.25 ex=-1.208cm ang=1.40deg z=18.94cm tg=0.175 mode=0 conf=0.361 lost=0 L=5.219 R=5.339 expx=-6.50 bmask=7 red=0.00 blk=0.00 bp=0.00 sym=0.0 lock=0 cq=0.00
th=97 steer=2.50 ex=-0.985cm ang=1.26deg z=18.94cm tg=0.100 mode=0 conf=0.394 lost=0 L=5.290 R=5.382 expx=-5.25 bmask=7 red=0.00 blk=0.00 bp=0.00 sym=0.0 lock=0 cq=0.00
th=97 steer=2.05 ex=-0.809cm ang=1.44deg z=18.94cm tg=0.050 mode=0 conf=0.415 lost=0 L=5.333 R=5.408 expx=-4.50 bmask=7 red=0.00 blk=0.00 bp=0.00 sym=0.0 lock=0 cq=0.00
th=96 steer=1.64 ex=-0.658cm ang=0.40deg z=18.94cm tg=0.025 mode=0 conf=0.416 lost=0 L=5.372 R=5.432 expx=-3.50 bmask=7 red=0.00 blk=0.00 bp=0.00 sym=0.0 lock=0 cq=0.00
th=98 steer=1.29 ex=-0.515cm ang=-0.25deg z=18.94cm tg=0.000 mode=0 conf=0.432 lost=0 L=5.405 R=5.452 expx=-2.75 bmask=7 red=0.00 blk=0.00 bp=0.00 sym=0.0 lock=0 cq=0.00
th=97 steer=0.91 ex=-0.411cm ang=-0.26deg z=18.94cm tg=0.031 mode=0 conf=0.324 lost=0 L=5.440 R=5.474 expx=-2.12 bmask=7 red=0.00 blk=0.00 bp=0.00 sym=0.0 lock=0 cq=0.00
th=97 steer=0.59 ex=-0.370cm ang=1.75deg z=18.94cm tg=0.062 mode=0 conf=0.440 lost=0 L=5.470 R=5.492 expx=-2.00 bmask=5 red=0.00 blk=0.00 bp=0.00 sym=0.0 lock=0 cq=0.00
th=98 steer=0.74 ex=-0.593cm ang=5.23deg z=18.94cm tg=0.131 mode=0 conf=0.426 lost=0 L=5.456 R=5.483 expx=-3.12 bmask=7 red=0.00 blk=0.00 bp=0.00 sym=0.0 lock=0 cq=0.00
th=98 steer=0.97 ex=-0.725cm ang=3.54deg z=18.94cm tg=0.212 mode=0 conf=0.428 lost=0 L=5.435 R=5.471 expx=-3.88 bmask=7 red=0.00 blk=0.00 bp=0.00 sym=0.0 lock=0 cq=0.00
th=97 steer=0.61 ex=-0.970cm ang=3.63deg z=18.94cm tg=0.196 mode=0 conf=0.544 lost=0 L=5.684 R=5.706 expx=-3.17 bmask=7 red=0.00 blk=0.00 bp=0.33 sym=-4.2 lock=0 cq=0.29
th=98 steer=0.13 ex=-0.699cm ang=6.69deg z=18.94cm tg=0.108 mode=0 conf=0.824 lost=0 L=5.954 R=5.959 expx=-2.28 bmask=7 red=0.00 blk=0.00 bp=0.75 sym=-3.8 lock=1 cq=0.58
th=98 steer=-0.22 ex=-0.442cm ang=9.12deg z=18.94cm tg=0.003 mode=0 conf=0.831 lost=0 L=6.235 R=6.227 expx=-1.44 bmask=7 red=0.00 blk=0.00 bp=1.00 sym=-2.8 lock=1 cq=0.96
th=96 steer=-0.29 ex=-0.274cm ang=11.32deg z=18.94cm tg=0.130 mode=0 conf=0.837 lost=0 L=6.238 R=6.228 expx=-0.90 bmask=7 red=0.00 blk=0.00 bp=1.00 sym=-2.0 lock=1 cq=0.97
th=97 steer=-1.47 ex=-0.107cm ang=13.52deg z=18.94cm tg=0.301 mode=0 conf=0.845 lost=0 L=6.166 R=6.112 expx=-0.35 bmask=7 red=0.00 blk=0.00 bp=1.00 sym=-1.2 lock=1 cq=0.98
th=97 steer=-1.40 ex=-0.183cm ang=16.07deg z=18.94cm tg=0.495 mode=0 conf=0.881 lost=0 L=6.168 R=6.117 expx=-0.60 bmask=7 red=0.00 blk=0.00 bp=1.00 sym=-1.5 lock=1 cq=0.98
th=98 steer=-1.59 ex=-0.267cm ang=18.46deg z=18.94cm tg=0.750 mode=0 conf=0.922 lost=0 L=6.157 R=6.098 expx=-0.87 bmask=7 red=0.00 blk=0.00 bp=1.00 sym=-1.4 lock=1 cq=0.98
th=97 steer=-1.52 ex=-0.482cm ang=20.47deg z=18.94cm tg=0.965 mode=0 conf=0.924 lost=0 L=6.156 R=6.100 expx=-1.57 bmask=7 red=0.00 blk=0.00 bp=1.00 sym=-1.9 lock=1 cq=0.97
th=98 steer=-1.77 ex=-0.734cm ang=23.10deg z=18.94cm tg=1.000 mode=1 conf=0.932 lost=0 L=6.133 R=6.068 expx=-2.40 bmask=7 red=0.00 blk=0.00 bp=1.00 sym=-2.5 lock=1 cq=0.96
th=96 steer=-1.54 ex=-1.071cm ang=25.19deg z=18.94cm tg=1.000 mode=1 conf=0.906 lost=0 L=6.137 R=6.081 expx=-3.50 bmask=7 red=0.00 blk=0.00 bp=1.00 sym=-3.5 lock=1 cq=0.95
th=98 steer=-1.37 ex=-1.377cm ang=26.97deg z=18.94cm tg=1.000 mode=1 conf=0.874 lost=0 L=6.138 R=6.088 expx=-4.50 bmask=7 red=0.00 blk=0.00 bp=1.00 sym=-4.5 lock=1 cq=0.93
th=93 steer=-1.21 ex=-1.745cm ang=29.59deg z=18.94cm tg=1.000 mode=1 conf=0.837 lost=0 L=6.138 R=6.094 expx=-5.70 bmask=7 red=0.00 blk=0.00 bp=1.00 sym=-5.5 lock=1 cq=0.92
th=96 steer=-2.04 ex=-1.960cm ang=31.57deg z=18.94cm tg=1.000 mode=1 conf=0.823 lost=0 L=6.077 R=6.002 expx=-6.40 bmask=7 red=0.00 blk=0.00 bp=1.00 sym=-6.0 lock=1 cq=0.91
th=97 steer=5.54 ex=-1.525cm ang=-37.75deg z=18.94cm tg=1.000 mode=1 conf=0.781 lost=0 L=5.659 R=5.863 expx=-4.98 bmask=7 red=0.00 blk=0.00 bp=1.00 sym=-3.9 lock=1 cq=0.94
th=98 steer=4.06 ex=-0.767cm ang=-40.23deg z=18.94cm tg=1.000 mode=1 conf=0.525 lost=0 L=5.381 R=5.530 expx=-2.50 bmask=7 red=0.00 blk=0.00 bp=0.42 sym=-1.0 lock=0 cq=0.34
th=98 steer=3.11 ex=-0.096cm ang=-41.63deg z=18.94cm tg=1.000 mode=1 conf=0.399 lost=0 L=5.233 R=5.347 expx=-0.50 bmask=7 red=0.00 blk=0.00 bp=0.00 sym=0.0 lock=0 cq=0.00
th=97 steer=3.48 ex=0.303cm ang=-42.65deg z=18.94cm tg=0.119 mode=0 conf=0.388 lost=0 L=5.198 R=5.326 expx=1.50 bmask=7 red=0.00 blk=0.00 bp=0.00 sym=0.0 lock=0 cq=0.00
th=98 steer=-4.82 ex=0.000cm ang=-37.62deg z=18.94cm tg=1.000 mode=1 conf=0.354 lost=0 L=5.248 R=5.070 expx=0.00 bmask=7 red=0.00 blk=0.00 bp=0.00 sym=0.0 lock=0 cq=0.00
th=98 steer=-9.47 ex=-0.830cm ang=30.14deg z=18.94cm tg=1.000 mode=1 conf=0.343 lost=0 L=4.980 R=4.631 expx=-4.50 bmask=7 red=0.00 blk=0.00 bp=0.00 sym=0.0 lock=0 cq=0.00
th=98 steer=-5.25 ex=-1.684cm ang=33.11deg z=18.94cm tg=1.000 mode=1 conf=0.347 lost=0 L=5.223 R=5.030 expx=-9.00 bmask=7 red=0.00 blk=0.00 bp=0.00 sym=0.0 lock=0 cq=0.00
th=98 steer=-2.54 ex=-2.346cm ang=35.93deg z=18.94cm tg=1.000 mode=1 conf=0.353 lost=0 L=5.380 R=5.287 expx=-12.38 bmask=7 red=0.00 blk=0.00 bp=0.00 sym=0.0 lock=0 cq=0.00
th=95 steer=-0.10 ex=-2.932cm ang=38.26deg z=18.94cm tg=1.000 mode=1 conf=0.357 lost=0 L=5.521 R=5.517 expx=-15.25 bmask=7 red=0.00 blk=0.00 bp=0.00 sym=0.0 lock=0 cq=0.00
th=97 steer=1.65 ex=-3.460cm ang=38.99deg z=18.94cm tg=1.000 mode=1 conf=0.338 lost=0 L=5.371 R=5.431 expx=-17.62 bmask=7 red=0.00 blk=0.00 bp=0.00 sym=0.0 lock=0 cq=0.00
th=98 steer=2.78 ex=-3.858cm ang=40.61deg z=18.94cm tg=0.994 mode=0 conf=0.341 lost=0 L=5.264 R=5.366 expx=-19.38 bmask=7 red=0.00 blk=0.00 bp=0.00 sym=0.0 lock=0 cq=0.00
th=98 steer=4.26 ex=-4.172cm ang=41.49deg z=18.94cm tg=0.713 mode=0 conf=0.283 lost=0 L=5.124 R=5.281 expx=-21.25 bmask=7 red=0.00 blk=0.00 bp=0.00 sym=0.0 lock=0 cq=0.00
th=98 steer=5.58 ex=-4.478cm ang=41.93deg z=18.94cm tg=0.475 mode=0 conf=0.236 lost=0 L=4.999 R=5.204 expx=-22.88 bmask=7 red=0.00 blk=0.00 bp=0.00 sym=0.0 lock=0 cq=0.00
th=98 steer=6.12 ex=-4.675cm ang=42.48deg z=19.09cm tg=0.412 mode=0 conf=0.213 lost=0 L=4.948 R=5.173 expx=-24.00 bmask=7 red=0.00 blk=0.00 bp=0.00 sym=0.0 lock=0 cq=0.00
th=98 steer=6.11 ex=-4.928cm ang=42.68deg z=19.24cm tg=0.675 mode=0 conf=0.194 lost=0 L=4.949 R=5.174 expx=-25.50 bmask=7 red=0.00 blk=0.00 bp=0.00 sym=0.0 lock=0 cq=0.00
th=95 steer=6.58 ex=-5.169cm ang=42.44deg z=19.40cm tg=0.750 mode=0 conf=0.150 lost=0 L=4.904 R=5.146 expx=-27.00 bmask=7 red=0.00 blk=0.00 bp=0.00 sym=0.0 lock=0 cq=0.00
th=97 steer=7.51 ex=-5.359cm ang=43.14deg z=19.40cm tg=0.550 mode=0 conf=0.148 lost=0 L=4.817 R=5.093 expx=-28.00 bmask=7 red=0.00 blk=0.00 bp=0.00 sym=0.0 lock=0 cq=0.00
th=97 steer=7.97 ex=-5.512cm ang=43.03deg z=19.56cm tg=0.550 mode=0 conf=0.118 lost=0 L=4.773 R=5.066 expx=-29.00 bmask=7 red=0.00 blk=0.00 bp=0.00 sym=0.0 lock=0 cq=0.00
th=98 steer=8.43 ex=-5.625cm ang=43.67deg z=19.56cm tg=0.475 mode=0 conf=0.114 lost=0 L=4.730 R=5.040 expx=-29.75 bmask=7 red=0.00 blk=0.00 bp=0.00 sym=0.0 lock=0 cq=0.00
th=92 steer=8.07 ex=-5.696cm ang=43.98deg z=19.71cm tg=0.537 mode=0 conf=0.110 lost=0 L=4.764 R=5.061 expx=-29.75 bmask=7 red=0.00 blk=0.00 bp=0.00 sym=0.0 lock=0 cq=0.00
th=96 steer=9.87 ex=-5.807cm ang=44.68deg z=19.71cm tg=0.138 mode=0 conf=0.110 lost=0 L=4.593 R=4.956 expx=-30.25 bmask=7 red=0.00 blk=0.00 bp=0.00 sym=0.0 lock=0 cq=0.00
th=88 steer=6.16 ex=-4.648cm ang=53.76deg z=19.87cm tg=0.050 mode=0 conf=0.106 lost=0 L=4.944 R=5.171 expx=-24.50 bmask=7 red=0.00 blk=0.00 bp=0.00 sym=0.0 lock=0 cq=0.00
th=96 steer=7.19 ex=-4.838cm ang=53.66deg z=19.87cm tg=0.125 mode=0 conf=0.106 lost=0 L=4.847 R=5.111 expx=-25.50 bmask=7 red=0.00 blk=0.00 bp=0.00 sym=0.0 lock=0 cq=0.00
th=98 steer=7.92 ex=-4.980cm ang=54.06deg z=20.03cm tg=0.287 mode=0 conf=0.103 lost=0 L=4.778 R=5.069 expx=-26.25 bmask=7 red=0.00 blk=0.00 bp=0.00 sym=0.0 lock=0 cq=0.00
th=98 steer=7.17 ex=-5.122cm ang=54.19deg z=20.03cm tg=0.600 mode=0 conf=0.103 lost=0 L=4.848 R=5.112 expx=-27.00 bmask=7 red=0.00 blk=0.00 bp=0.00 sym=0.0 lock=0 cq=0.00
th=98 steer=7.71 ex=-5.312cm ang=54.58deg z=20.18cm tg=0.475 mode=0 conf=0.099 lost=0 L=4.797 R=5.081 expx=-28.00 bmask=7 red=0.00 blk=0.00 bp=0.00 sym=0.0 lock=0 cq=0.00
th=94 steer=8.29 ex=-5.597cm ang=54.60deg z=20.18cm tg=0.738 mode=0 conf=0.099 lost=0 L=4.743 R=5.048 expx=-29.50 bmask=7 red=0.00 blk=0.00 bp=0.00 sym=0.0 lock=0 cq=0.00
th=95 steer=8.62 ex=-5.739cm ang=55.18deg z=20.34cm tg=0.662 mode=0 conf=0.096 lost=0 L=4.712 R=5.029 expx=-30.25 bmask=7 red=0.00 blk=0.00 bp=0.00 sym=0.0 lock=0 cq=0.00
th=98 steer=9.03 ex=-5.929cm ang=54.76deg z=20.34cm tg=0.887 mode=0 conf=0.096 lost=0 L=4.673 R=5.005 expx=-31.25 bmask=7 red=0.00 blk=0.00 bp=0.00 sym=0.0 lock=0 cq=0.00
th=94 steer=10.41 ex=-5.977cm ang=54.67deg z=20.34cm tg=1.000 mode=1 conf=0.096 lost=0 L=4.543 R=4.926 expx=-31.50 bmask=7 red=0.00 blk=0.00 bp=0.00 sym=0.0 lock=0 cq=0.00
th=90 steer=10.45 ex=-5.977cm ang=54.01deg z=20.34cm tg=1.000 mode=1 conf=0.096 lost=0 L=4.538 R=4.923 expx=-31.50 bmask=7 red=0.00 blk=0.00 bp=0.00 sym=0.0 lock=0 cq=0.00
th=82 steer=10.98 ex=-5.977cm ang=39.01deg z=33.50cm tg=1.000 mode=1 conf=0.128 lost=0 L=4.488 R=4.892 expx=-31.50 bmask=3 red=0.00 blk=0.00 bp=0.00 sym=0.0 lock=0 cq=0.00
th=83 steer=10.95 ex=-5.977cm ang=39.32deg z=33.50cm tg=1.000 mode=1 conf=0.128 lost=0 L=4.491 R=4.894 expx=-31.50 bmask=3 red=0.00 blk=0.00 bp=0.00 sym=0.0 lock=0 cq=0.00
th=95 steer=10.34 ex=-5.977cm ang=54.53deg z=20.34cm tg=1.000 mode=1 conf=0.096 lost=0 L=4.549 R=4.929 expx=-31.50 bmask=7 red=0.00 blk=0.00 bp=0.00 sym=0.0 lock=0 cq=0.00
th=96 steer=11.07 ex=-5.977cm ang=39.15deg z=33.50cm tg=1.000 mode=1 conf=0.128 lost=0 L=4.480 R=4.887 expx=-31.50 bmask=3 red=0.00 blk=0.00 bp=0.00 sym=0.0 lock=0 cq=0.00
th=95 steer=8.96 ex=-5.929cm ang=54.67deg z=20.34cm tg=0.988 mode=0 conf=0.096 lost=0 L=4.679 R=5.009 expx=-31.25 bmask=7 red=0.00 blk=0.00 bp=0.00 sym=0.0 lock=0 cq=0.00
th=96 steer=10.08 ex=-5.881cm ang=54.49deg z=20.34cm tg=1.000 mode=1 conf=0.096 lost=0 L=4.574 R=4.945 expx=-31.00 bmask=7 red=0.00 blk=0.00 bp=0.00 sym=0.0 lock=0 cq=0.00
th=95 steer=10.75 ex=-5.881cm ang=39.42deg z=33.50cm tg=1.000 mode=1 conf=0.128 lost=0 L=4.510 R=4.906 expx=-31.00 bmask=3 red=0.00 blk=0.00 bp=0.00 sym=0.0 lock=0 cq=0.00
th=96 steer=9.92 ex=-5.834cm ang=54.34deg z=20.34cm tg=1.000 mode=1 conf=0.096 lost=0 L=4.588 R=4.954 expx=-30.75 bmask=7 red=0.00 blk=0.00 bp=0.00 sym=0.0 lock=0 cq=0.00
th=95 steer=9.90 ex=-5.834cm ang=54.59deg z=20.34cm tg=1.000 mode=1 conf=0.096 lost=0 L=4.590 R=4.955 expx=-30.75 bmask=7 red=0.00 blk=0.00 bp=0.00 sym=0.0 lock=0 cq=0.00
th=95 steer=9.75 ex=-5.787cm ang=54.56deg z=20.34cm tg=1.000 mode=1 conf=0.096 lost=0 L=4.605 R=4.963 expx=-30.50 bmask=7 red=0.00 blk=0.00 bp=0.00 sym=0.0 lock=0 cq=0.00
th=87 steer=10.51 ex=-5.787cm ang=39.11deg z=33.50cm tg=1.000 mode=1 conf=0.128 lost=0 L=4.533 R=4.919 expx=-30.50 bmask=3 red=0.00 blk=0.00 bp=0.00 sym=0.0 lock=0 cq=0.00
th=94 steer=9.74 ex=-5.787cm ang=54.57deg z=20.34cm tg=1.000 mode=1 conf=0.096 lost=0 L=4.605 R=4.964 expx=-30.50 bmask=7 red=0.00 blk=0.00 bp=0.00 sym=0.0 lock=0 cq=0.00
th=95 steer=10.51 ex=-5.787cm ang=39.12deg z=33.50cm tg=1.000 mode=1 conf=0.128 lost=0 L=4.532 R=4.919 expx=-30.50 bmask=3 red=0.00 blk=0.00 bp=0.00 sym=0.0 lock=0 cq=0.00
th=96 steer=10.49 ex=-5.787cm ang=39.24deg z=33.50cm tg=1.000 mode=1 conf=0.128 lost=0 L=4.534 R=4.921 expx=-30.50 bmask=3 red=0.00 blk=0.00 bp=0.00 sym=0.0 lock=0 cq=0.00
th=94 steer=9.80 ex=-5.787cm ang=54.13deg z=20.34cm tg=1.000 mode=1 conf=0.096 lost=0 L=4.600 R=4.961 expx=-30.50 bmask=7 red=0.00 blk=0.00 bp=0.00 sym=0.0 lock=0 cq=0.00
th=96 steer=10.25 ex=-5.739cm ang=39.64deg z=33.50cm tg=1.000 mode=1 conf=0.128 lost=0 L=4.557 R=4.934 expx=-30.25 bmask=3 red=0.00 blk=0.00 bp=0.00 sym=0.0 lock=0 cq=0.00
th=95 steer=10.46 ex=-5.787cm ang=39.66deg z=33.50cm tg=1.000 mode=1 conf=0.128 lost=0 L=4.537 R=4.922 expx=-30.50 bmask=3 red=0.00 blk=0.00 bp=0.00 sym=0.0 lock=0 cq=0.00
th=94 steer=10.15 ex=-5.692cm ang=39.60deg z=33.50cm tg=1.000 mode=1 conf=0.128 lost=0 L=4.567 R=4.941 expx=-30.00 bmask=3 red=0.00 blk=0.00 bp=0.00 sym=0.0 lock=0 cq=0.00
th=95 steer=10.28 ex=-5.739cm ang=39.57deg z=33.50cm tg=1.000 mode=1 conf=0.128 lost=0 L=4.554 R=4.933 expx=-30.25 bmask=3 red=0.00 blk=0.00 bp=0.00 sym=0.0 lock=0 cq=0.00
th=95 steer=10.35 ex=-5.739cm ang=39.21deg z=33.50cm tg=1.000 mode=1 conf=0.128 lost=0 L=4.548 R=4.929 expx=-30.25 bmask=3 red=0.00 blk=0.00 bp=0.00 sym=0.0 lock=0 cq=0.00
th=96 steer=10.32 ex=-5.739cm ang=39.20deg z=33.50cm tg=1.000 mode=1 conf=0.128 lost=0 L=4.551 R=4.930 expx=-30.25 bmask=3 red=0.00 blk=0.00 bp=0.00 sym=0.0 lock=0 cq=0.00
th=91 steer=10.09 ex=-5.692cm ang=39.69deg z=33.50cm tg=1.000 mode=1 conf=0.128 lost=0 L=4.572 R=4.944 expx=-30.00 bmask=3 red=0.00 blk=0.00 bp=0.00 sym=0.0 lock=0 cq=0.00
th=92 steer=10.15 ex=-5.692cm ang=39.60deg z=33.50cm tg=1.000 mode=1 conf=0.128 lost=0 L=4.567 R=4.940 expx=-30.00 bmask=3 red=0.00 blk=0.00 bp=0.00 sym=0.0 lock=0 cq=0.00
th=91 steer=10.35 ex=-5.739cm ang=39.70deg z=33.50cm tg=1.000 mode=1 conf=0.128 lost=0 L=4.548 R=4.929 expx=-30.25 bmask=3 red=0.00 blk=0.00 bp=0.00 sym=0.0 lock=0 cq=0.00
th=95 steer=10.26 ex=-5.739cm ang=39.84deg z=33.50cm tg=1.000 mode=1 conf=0.128 lost=0 L=4.556 R=4.934 expx=-30.25 bmask=3 red=0.00 blk=0.00 bp=0.00 sym=0.0 lock=0 cq=0.00
th=94 steer=10.38 ex=-5.787cm ang=40.17deg z=33.50cm tg=1.000 mode=1 conf=0.128 lost=0 L=4.545 R=4.927 expx=-30.50 bmask=3 red=0.00 blk=0.00 bp=0.00 sym=0.0 lock=0 cq=0.00
th=96 steer=9.92 ex=-5.787cm ang=53.84deg z=20.34cm tg=1.000 mode=1 conf=0.096 lost=0 L=4.588 R=4.953 expx=-30.50 bmask=7 red=0.00 blk=0.00 bp=0.00 sym=0.0 lock=0 cq=0.00
th=97 steer=10.28 ex=-5.739cm ang=39.59deg z=33.50cm tg=1.000 mode=1 conf=0.128 lost=0 L=4.554 R=4.933 expx=-30.25 bmask=3 red=0.00 blk=0.00 bp=0.00 sym=0.0 lock=0 cq=0.00
th=95 steer=10.26 ex=-5.739cm ang=40.01deg z=33.50cm tg=1.000 mode=1 conf=0.128 lost=0 L=4.556 R=4.934 expx=-30.25 bmask=3 red=0.00 blk=0.00 bp=0.00 sym=0.0 lock=0 cq=0.00
th=97 steer=9.99 ex=-5.787cm ang=54.07deg z=20.34cm tg=1.000 mode=1 conf=0.096 lost=0 L=4.582 R=4.950 expx=-30.50 bmask=7 red=0.00 blk=0.00 bp=0.00 sym=0.0 lock=0 cq=0.00
th=93 steer=10.01 ex=-5.787cm ang=54.15deg z=20.34cm tg=1.000 mode=1 conf=0.096 lost=0 L=4.580 R=4.949 expx=-30.50 bmask=7 red=0.00 blk=0.00 bp=0.00 sym=0.0 lock=0 cq=0.00
th=98 steer=10.12 ex=-5.834cm ang=54.28deg z=20.34cm tg=1.000 mode=1 conf=0.096 lost=0 L=4.570 R=4.942 expx=-30.75 bmask=7 red=0.00 blk=0.00 bp=0.00 sym=0.0 lock=0 cq=0.00
th=94 steer=10.10 ex=-5.834cm ang=54.41deg z=20.34cm tg=1.000 mode=1 conf=0.096 lost=0 L=4.571 R=4.943 expx=-30.75 bmask=7 red=0.00 blk=0.00 bp=0.00 sym=0.0 lock=0 cq=0.00
th=97 steer=10.30 ex=-5.881cm ang=54.54deg z=20.34cm tg=1.000 mode=1 conf=0.096 lost=0 L=4.552 R=4.931 expx=-31.00 bmask=7 red=0.00 blk=0.00 bp=0.00 sym=0.0 lock=0 cq=0.00
th=97 steer=10.28 ex=-5.882cm ang=54.34deg z=20.34cm tg=1.000 mode=1 conf=0.096 lost=0 L=4.555 R=4.933 expx=-31.00 bmask=7 red=0.00 blk=0.00 bp=0.00 sym=0.0 lock=0 cq=0.00
th=97 steer=10.46 ex=-5.929cm ang=54.28deg z=20.34cm tg=1.000 mode=1 conf=0.096 lost=0 L=4.537 R=4.922 expx=-31.25 bmask=7 red=0.00 blk=0.00 bp=0.00 sym=0.0 lock=0 cq=0.00
th=95 steer=10.46 ex=-5.929cm ang=54.21deg z=20.34cm tg=1.000 mode=1 conf=0.096 lost=0 L=4.537 R=4.922 expx=-31.25 bmask=7 red=0.00 blk=0.00 bp=0.00 sym=0.0 lock=0 cq=0.00
th=94 steer=9.45 ex=-5.977cm ang=54.28deg z=20.34cm tg=0.975 mode=0 conf=0.096 lost=0 L=4.633 R=4.981 expx=-31.50 bmask=7 red=0.00 blk=0.00 bp=0.00 sym=0.0 lock=0 cq=0.00
th=94 steer=17.51 ex=-5.977cm ang=-22.28deg z=20.18cm tg=0.825 mode=0 conf=0.099 lost=0 L=3.871 R=4.515 expx=-31.50 bmask=7 red=0.00 blk=0.00 bp=0.00 sym=0.0 lock=0 cq=0.00
th=95 steer=7.02 ex=-5.502cm ang=54.36deg z=20.18cm tg=0.487 mode=0 conf=0.099 lost=0 L=4.863 R=5.121 expx=-29.00 bmask=7 red=0.00 blk=0.00 bp=0.00 sym=0.0 lock=0 cq=0.00
th=94 steer=7.19 ex=-5.408cm ang=54.41deg z=20.18cm tg=0.787 mode=0 conf=0.099 lost=0 L=4.847 R=5.111 expx=-28.50 bmask=7 red=0.00 blk=0.00 bp=0.00 sym=0.0 lock=0 cq=0.00
th=98 steer=8.72 ex=-5.597cm ang=54.62deg z=20.18cm tg=0.637 mode=0 conf=0.099 lost=0 L=4.702 R=5.023 expx=-29.50 bmask=7 red=0.00 blk=0.00 bp=0.00 sym=0.0 lock=0 cq=0.00
th=96 steer=9.20 ex=-5.787cm ang=54.21deg z=20.18cm tg=0.825 mode=0 conf=0.099 lost=0 L=4.657 R=4.995 expx=-30.50 bmask=7 red=0.00 blk=0.00 bp=0.00 sym=0.0 lock=0 cq=0.00
th=97 steer=9.20 ex=-5.787cm ang=53.78deg z=20.18cm tg=0.800 mode=0 conf=0.099 lost=0 L=4.657 R=4.995 expx=-30.50 bmask=7 red=0.00 blk=0.00 bp=0.00 sym=0.0 lock=0 cq=0.00
th=96 steer=9.57 ex=-5.929cm ang=53.57deg z=20.18cm tg=0.775 mode=0 conf=0.099 lost=0 L=4.622 R=4.974 expx=-31.25 bmask=7 red=0.00 blk=0.00 bp=0.00 sym=0.0 lock=0 cq=0.00
th=88 steer=9.89 ex=-6.024cm ang=53.14deg z=20.18cm tg=0.713 mode=0 conf=0.099 lost=0 L=4.592 R=4.956 expx=-31.75 bmask=7 red=0.00 blk=0.00 bp=0.00 sym=0.0 lock=0 cq=0.00
th=93 steer=10.25 ex=-6.119cm ang=52.02deg z=20.03cm tg=0.713 mode=0 conf=0.103 lost=0 L=4.558 R=4.935 expx=-32.25 bmask=7 red=0.00 blk=0.00 bp=0.00 sym=0.0 lock=0 cq=0.00
th=97 steer=10.24 ex=-6.119cm ang=51.34deg z=19.87cm tg=0.713 mode=0 conf=0.106 lost=0 L=4.558 R=4.935 expx=-32.25 bmask=7 red=0.00 blk=0.00 bp=0.00 sym=0.0 lock=0 cq=0.00
th=95 steer=10.47 ex=-6.167cm ang=50.54deg z=19.71cm tg=0.625 mode=0 conf=0.110 lost=0 L=4.536 R=4.922 expx=-32.50 bmask=7 red=0.00 blk=0.00 bp=0.00 sym=0.0 lock=0 cq=0.00
th=95 steer=10.45 ex=-6.119cm ang=49.96deg z=19.56cm tg=0.500 mode=0 conf=0.114 lost=0 L=4.538 R=4.923 expx=-32.25 bmask=7 red=0.00 blk=0.00 bp=0.00 sym=0.0 lock=0 cq=0.00
th=97 steer=10.60 ex=-6.119cm ang=49.17deg z=19.40cm tg=0.388 mode=0 conf=0.117 lost=0 L=4.524 R=4.914 expx=-32.25 bmask=7 red=0.00 blk=0.00 bp=0.00 sym=0.0 lock=0 cq=0.00
th=97 steer=10.46 ex=-6.024cm ang=48.17deg z=19.09cm tg=0.312 mode=0 conf=0.124 lost=0 L=4.537 R=4.922 expx=-31.75 bmask=7 red=0.00 blk=0.00 bp=0.00 sym=0.0 lock=0 cq=0.00
th=93 steer=10.77 ex=-5.977cm ang=47.42deg z=18.94cm tg=0.100 mode=0 conf=0.128 lost=0 L=4.508 R=4.905 expx=-31.50 bmask=7 red=0.00 blk=0.00 bp=0.00 sym=0.0 lock=0 cq=0.00
th=94 steer=10.03 ex=-5.929cm ang=46.42deg z=18.94cm tg=0.188 mode=0 conf=0.128 lost=0 L=4.578 R=4.947 expx=-31.25 bmask=7 red=0.00 blk=0.00 bp=0.00 sym=0.0 lock=0 cq=0.00
th=95 steer=9.60 ex=-5.977cm ang=45.55deg z=18.94cm tg=0.463 mode=0 conf=0.128 lost=0 L=4.619 R=4.972 expx=-31.50 bmask=7 red=0.00 blk=0.00 bp=0.00 sym=0.0 lock=0 cq=0.00
th=95 steer=9.08 ex=-5.977cm ang=44.78deg z=18.94cm tg=0.700 mode=0 conf=0.128 lost=0 L=4.668 R=5.002 expx=-31.50 bmask=7 red=0.00 blk=0.00 bp=0.00 sym=0.0 lock=0 cq=0.00
th=96 steer=9.01 ex=-6.167cm ang=43.61deg z=18.94cm tg=0.975 mode=0 conf=0.128 lost=0 L=4.674 R=5.006 expx=-32.50 bmask=7 red=0.00 blk=0.00 bp=0.00 sym=0.0 lock=0 cq=0.00
th=94 steer=9.52 ex=-6.214cm ang=43.07deg z=18.94cm tg=1.000 mode=1 conf=0.128 lost=0 L=4.627 R=4.977 expx=-32.75 bmask=7 red=0.00 blk=0.00 bp=0.00 sym=0.0 lock=0 cq=0.00
th=94 steer=9.23 ex=-6.356cm ang=41.84deg z=18.94cm tg=1.000 mode=1 conf=0.128 lost=0 L=4.654 R=4.993 expx=-33.50 bmask=7 red=0.00 blk=0.00 bp=0.00 sym=0.0 lock=0 cq=0.00
th=93 steer=8.76 ex=-6.403cm ang=40.86deg z=18.94cm tg=1.000 mode=1 conf=0.128 lost=0 L=4.698 R=5.020 expx=-33.75 bmask=7 red=0.00 blk=0.00 bp=0.00 sym=0.0 lock=0 cq=0.00
th=95 steer=8.58 ex=-6.594cm ang=40.29deg z=18.94cm tg=1.000 mode=1 conf=0.128 lost=0 L=4.715 R=5.031 expx=-34.75 bmask=7 red=0.00 blk=0.00 bp=0.00 sym=0.0 lock=0 cq=0.00
th=96 steer=8.59 ex=-6.878cm ang=39.34deg z=18.94cm tg=1.000 mode=1 conf=0.128 lost=0 L=4.714 R=5.030 expx=-36.25 bmask=7 red=0.00 blk=0.00 bp=0.00 sym=0.0 lock=0 cq=0.00
th=95 steer=13.32 ex=-6.451cm ang=15.38deg z=18.94cm tg=1.000 mode=1 conf=0.128 lost=0 L=4.267 R=4.757 expx=-34.00 bmask=7 red=0.00 blk=0.00 bp=0.00 sym=0.0 lock=0 cq=0.00
th=93 steer=12.52 ex=-6.167cm ang=15.04deg z=18.94cm tg=1.000 mode=1 conf=0.128 lost=0 L=4.343 R=4.804 expx=-32.50 bmask=7 red=0.00 blk=0.00 bp=0.00 sym=0.0 lock=0 cq=0.00
th=95 steer=10.15 ex=-5.977cm ang=35.62deg z=18.94cm tg=1.000 mode=1 conf=0.149 lost=0 L=4.567 R=4.941 expx=-31.50 bmask=7 red=0.00 blk=0.00 bp=0.00 sym=0.0 lock=0 cq=0.00
th=93 steer=10.46 ex=-5.881cm ang=34.26deg z=18.94cm tg=1.000 mode=1 conf=0.235 lost=0 L=4.538 R=4.923 expx=-31.00 bmask=7 red=0.00 blk=0.00 bp=0.00 sym=0.0 lock=0 cq=0.00
th=94 steer=15.65 ex=-6.691cm ang=15.31deg z=18.94cm tg=1.000 mode=1 conf=0.353 lost=0 L=4.046 R=4.622 expx=-35.25 bmask=7 red=0.00 blk=0.00 bp=0.00 sym=0.0 lock=0 cq=0.00
th=97 steer=12.82 ex=-5.693cm ang=13.66deg z=18.94cm tg=1.000 mode=1 conf=0.382 lost=0 L=4.314 R=4.786 expx=-30.00 bmask=7 red=0.00 blk=0.00 bp=0.00 sym=0.0 lock=0 cq=0.00
th=93 steer=11.15 ex=-5.042cm ang=12.21deg z=18.94cm tg=1.000 mode=1 conf=0.393 lost=0 L=4.473 R=4.883 expx=-26.00 bmask=7 red=0.00 blk=0.00 bp=0.00 sym=0.0 lock=0 cq=0.00
th=97 steer=9.87 ex=-4.528cm ang=11.54deg z=18.94cm tg=1.000 mode=1 conf=0.404 lost=0 L=4.594 R=4.957 expx=-23.00 bmask=7 red=0.00 blk=0.00 bp=0.00 sym=0.0 lock=0 cq=0.00
th=94 steer=9.44 ex=-4.167cm ang=10.03deg z=18.94cm tg=1.000 mode=1 conf=0.414 lost=0 L=4.634 R=4.981 expx=-21.25 bmask=7 red=0.00 blk=0.00 bp=0.00 sym=0.0 lock=0 cq=0.00
th=91 steer=8.81 ex=-3.821cm ang=9.21deg z=18.94cm tg=1.000 mode=1 conf=0.417 lost=0 L=4.694 R=5.018 expx=-19.50 bmask=7 red=0.00 blk=0.00 bp=0.00 sym=0.0 lock=0 cq=0.00
th=97 steer=8.14 ex=-3.441cm ang=8.27deg z=18.94cm tg=1.000 mode=1 conf=0.423 lost=0 L=4.756 R=5.056 expx=-17.75 bmask=7 red=0.00 blk=0.00 bp=0.00 sym=0.0 lock=0 cq=0.00
th=97 steer=7.50 ex=-3.065cm ang=7.42deg z=18.94cm tg=1.000 mode=1 conf=0.429 lost=0 L=4.817 R=5.093 expx=-16.12 bmask=7 red=0.00 blk=0.00 bp=0.00 sym=0.0 lock=0 cq=0.00
th=97 steer=6.65 ex=-2.750cm ang=6.66deg z=18.94cm tg=1.000 mode=1 conf=0.437 lost=0 L=4.897 R=5.142 expx=-14.25 bmask=7 red=0.00 blk=0.00 bp=0.00 sym=0.0 lock=0 cq=0.00
th=96 steer=5.73 ex=-2.456cm ang=5.64deg z=18.94cm tg=0.925 mode=0 conf=0.435 lost=0 L=4.984 R=5.195 expx=-12.75 bmask=7 red=0.00 blk=0.00 bp=0.00 sym=0.0 lock=0 cq=0.00
th=97 steer=5.37 ex=-2.193cm ang=4.67deg z=18.94cm tg=0.756 mode=0 conf=0.444 lost=0 L=5.019 R=5.217 expx=-11.50 bmask=7 red=0.00 blk=0.00 bp=0.00 sym=0.0 lock=0 cq=0.00
th=98 steer=4.75 ex=-1.915cm ang=4.97deg z=18.94cm tg=0.631 mode=0 conf=0.444 lost=0 L=5.077 R=5.252 expx=-10.12 bmask=7 red=0.00 blk=0.00 bp=0.00 sym=0.0 lock=0 cq=0.00
th=96 steer=4.51 ex=-1.666cm ang=3.17deg z=18.94cm tg=0.500 mode=0 conf=0.452 lost=0 L=5.100 R=5.266 expx=-9.00 bmask=7 red=0.00 blk=0.00 bp=0.00 sym=0.0 lock=0 cq=0.00
th=96 steer=3.86 ex=-1.413cm ang=2.69deg z=18.94cm tg=0.394 mode=0 conf=0.453 lost=0 L=5.161 R=5.303 expx=-7.50 bmask=7 red=0.00 blk=0.00 bp=0.00 sym=0.0 lock=0 cq=0.00
th=94 steer=3.30 ex=-1.162cm ang=2.93deg z=18.94cm tg=0.306 mode=0 conf=0.445 lost=0 L=5.214 R=5.336 expx=-6.25 bmask=7 red=0.00 blk=0.00 bp=0.00 sym=0.0 lock=0 cq=0.00
th=97 steer=3.39 ex=-0.871cm ang=1.76deg z=18.94cm tg=0.212 mode=0 conf=0.452 lost=0 L=5.206 R=5.331 expx=-4.75 bmask=7 red=0.00 blk=0.00 bp=0.00 sym=0.0 lock=0 cq=0.00
th=97 steer=2.78 ex=-0.620cm ang=1.04deg z=18.94cm tg=0.150 mode=0 conf=0.453 lost=0 L=5.263 R=5.366 expx=-3.50 bmask=7 red=0.00 blk=0.00 bp=0.00 sym=0.0 lock=0 cq=0.00
th=97 steer=2.19 ex=-0.433cm ang=0.83deg z=18.94cm tg=0.087 mode=0 conf=0.452 lost=0 L=5.319 R=5.400 expx=-2.50 bmask=7 red=0.00 blk=0.00 bp=0.00 sym=0.0 lock=0 cq=0.00
th=98 steer=1.69 ex=-0.270cm ang=0.45deg z=18.94cm tg=0.050 mode=0 conf=0.452 lost=0 L=5.367 R=5.429 expx=-1.50 bmask=7 red=0.00 blk=0.00 bp=0.00 sym=0.0 lock=0 cq=0.00
th=95 steer=1.23 ex=-0.131cm ang=0.63deg z=18.94cm tg=0.019 mode=0 conf=0.445 lost=0 L=5.410 R=5.456 expx=-0.75 bmask=7 red=0.00 blk=0.00 bp=0.00 sym=0.0 lock=0 cq=0.00
th=97 steer=0.90 ex=0.000cm ang=0.16deg z=18.94cm tg=0.000 mode=0 conf=0.452 lost=0 L=5.441 R=5.475 expx=0.00 bmask=7 red=0.00 blk=0.00 bp=0.00 sym=0.0 lock=0 cq=0.00
th=98 steer=0.60 ex=0.090cm ang=0.90deg z=18.94cm tg=0.000 mode=0 conf=0.445 lost=0 L=5.470 R=5.492 expx=0.50 bmask=7 red=0.00 blk=0.00 bp=0.00 sym=0.0 lock=0 cq=0.00
th=96 steer=0.37 ex=0.136cm ang=2.11deg z=18.94cm tg=0.013 mode=0 conf=0.453 lost=0 L=5.492 R=5.505 expx=0.75 bmask=7 red=0.00 blk=0.00 bp=0.00 sym=0.0 lock=0 cq=0.00
th=96 steer=0.14 ex=0.185cm ang=3.25deg z=18.94cm tg=0.019 mode=0 conf=0.455 lost=0 L=5.513 R=5.518 expx=1.00 bmask=7 red=0.00 blk=0.00 bp=0.00 sym=0.0 lock=0 cq=0.00
th=92 steer=0.03 ex=0.199cm ang=5.25deg z=18.94cm tg=0.006 mode=0 conf=0.456 lost=0 L=5.524 R=5.525 expx=1.00 bmask=7 red=0.00 blk=0.00 bp=0.00 sym=0.0 lock=0 cq=0.00
th=95 steer=-0.10 ex=0.223cm ang=7.25deg z=18.94cm tg=0.069 mode=0 conf=0.459 lost=0 L=5.521 R=5.517 expx=1.25 bmask=7 red=0.00 blk=0.00 bp=0.00 sym=0.0 lock=0 cq=0.00
th=97 steer=-0.11 ex=0.225cm ang=9.60deg z=18.94cm tg=0.144 mode=0 conf=0.460 lost=0 L=5.520 R=5.516 expx=1.25 bmask=7 red=0.00 blk=0.00 bp=0.00 sym=0.0 lock=0 cq=0.00
th=92 steer=-0.13 ex=0.228cm ang=11.85deg z=18.94cm tg=0.219 mode=0 conf=0.463 lost=0 L=5.519 R=5.514 expx=1.25 bmask=7 red=0.00 blk=0.00 bp=0.00 sym=0.0 lock=0 cq=0.00
th=96 steer=-1.19 ex=0.222cm ang=13.79deg z=18.94cm tg=0.331 mode=0 conf=0.465 lost=0 L=5.457 R=5.413 expx=1.25 bmask=7 red=0.00 blk=0.00 bp=0.00 sym=0.0 lock=0 cq=0.00
th=97 steer=-0.98 ex=0.116cm ang=16.02deg z=18.94cm tg=0.481 mode=0 conf=0.466 lost=0 L=5.470 R=5.433 expx=0.62 bmask=7 red=0.00 blk=0.00 bp=0.00 sym=0.0 lock=0 cq=0.00
th=89 steer=-0.88 ex=0.000cm ang=17.56deg z=18.94cm tg=0.637 mode=0 conf=0.469 lost=0 L=5.476 R=5.443 expx=0.00 bmask=7 red=0.00 blk=0.00 bp=0.00 sym=0.0 lock=0 cq=0.00
th=95 steer=-0.80 ex=-0.093cm ang=18.59deg z=18.94cm tg=0.800 mode=0 conf=0.465 lost=0 L=5.480 R=5.451 expx=-0.50 bmask=7 red=0.00 blk=0.00 bp=0.00 sym=0.0 lock=0 cq=0.00
th=97 steer=-1.53 ex=-0.222cm ang=21.05deg z=18.94cm tg=1.000 mode=1 conf=0.474 lost=0 L=5.438 R=5.382 expx=-1.25 bmask=7 red=0.00 blk=0.00 bp=0.00 sym=0.0 lock=0 cq=0.00
th=95 steer=-1.29 ex=-0.408cm ang=22.91deg z=18.94cm tg=1.000 mode=1 conf=0.473 lost=0 L=5.452 R=5.405 expx=-2.25 bmask=7 red=0.00 blk=0.00 bp=0.00 sym=0.0 lock=0 cq=0.00
th=95 steer=-1.18 ex=-0.611cm ang=25.31deg z=18.94cm tg=1.000 mode=1 conf=0.467 lost=0 L=5.458 R=5.415 expx=-3.25 bmask=7 red=0.00 blk=0.00 bp=0.00 sym=0.0 lock=0 cq=0.00
th=97 steer=-0.89 ex=-0.783cm ang=26.55deg z=18.94cm tg=1.000 mode=1 conf=0.460 lost=0 L=5.475 R=5.442 expx=-4.25 bmask=7 red=0.00 blk=0.00 bp=0.00 sym=0.0 lock=0 cq=0.00
th=96 steer=-1.03 ex=-0.923cm ang=29.36deg z=18.94cm tg=1.000 mode=1 conf=0.443 lost=0 L=5.467 R=5.429 expx=-5.00 bmask=7 red=0.00 blk=0.00 bp=0.00 sym=0.0 lock=0 cq=0.00
th=97 steer=-0.86 ex=-1.084cm ang=31.28deg z=18.94cm tg=1.000 mode=1 conf=0.428 lost=0 L=5.476 R=5.445 expx=-6.00 bmask=7 red=0.00 blk=0.00 bp=0.00 sym=0.0 lock=0 cq=0.00
th=97 steer=5.93 ex=-1.091cm ang=-23.54deg z=18.94cm tg=1.000 mode=1 conf=0.419 lost=0 L=4.966 R=5.184 expx=-5.88 bmask=7 red=0.00 blk=0.00 bp=0.00 sym=0.0 lock=0 cq=0.00
th=98 steer=4.43 ex=-0.549cm ang=-36.62deg z=18.94cm tg=1.000 mode=1 conf=0.415 lost=0 L=5.107 R=5.270 expx=-3.00 bmask=7 red=0.00 blk=0.00 bp=0.00 sym=0.0 lock=0 cq=0.00
th=98 steer=3.63 ex=-0.096cm ang=-41.09deg z=18.94cm tg=1.000 mode=1 conf=0.403 lost=0 L=5.184 R=5.317 expx=-0.50 bmask=7 red=0.00 blk=0.00 bp=0.00 sym=0.0 lock=0 cq=0.00
th=96 steer=2.54 ex=0.263cm ang=-41.93deg z=18.94cm tg=1.000 mode=1 conf=0.401 lost=0 L=5.287 R=5.380 expx=1.50 bmask=7 red=0.00 blk=0.00 bp=0.00 sym=0.0 lock=0 cq=0.00
th=97 steer=3.68 ex=0.638cm ang=-42.39deg z=18.94cm tg=0.188 mode=0 conf=0.396 lost=0 L=5.179 R=5.314 expx=3.50 bmask=7 red=0.00 blk=0.00 bp=0.00 sym=0.0 lock=0 cq=0.00
th=94 steer=-4.90 ex=0.313cm ang=-37.49deg z=18.94cm tg=1.000 mode=1 conf=0.354 lost=0 L=5.243 R=5.063 expx=1.75 bmask=7 red=0.00 blk=0.00 bp=0.00 sym=0.0 lock=0 cq=0.00
th=96 steer=-9.24 ex=-0.517cm ang=31.69deg z=18.94cm tg=1.000 mode=1 conf=0.350 lost=0 L=4.993 R=4.653 expx=-2.75 bmask=7 red=0.00 blk=0.00 bp=0.00 sym=0.0 lock=0 cq=0.00
th=98 steer=-5.47 ex=-1.425cm ang=34.05deg z=18.94cm tg=1.000 mode=1 conf=0.354 lost=0 L=5.211 R=5.009 expx=-7.38 bmask=7 red=0.00 blk=0.00 bp=0.00 sym=0.0 lock=0 cq=0.00
th=96 steer=-2.67 ex=-2.100cm ang=36.51deg z=18.94cm tg=1.000 mode=1 conf=0.361 lost=0 L=5.372 R=5.274 expx=-11.00 bmask=7 red=0.00 blk=0.00 bp=0.00 sym=0.0 lock=0 cq=0.00
th=96 steer=-0.08 ex=-2.725cm ang=38.60deg z=18.94cm tg=1.000 mode=1 conf=0.349 lost=0 L=5.522 R=5.519 expx=-14.25 bmask=7 red=0.00 blk=0.00 bp=0.00 sym=0.0 lock=0 cq=0.00
th=98 steer=1.77 ex=-3.284cm ang=39.06deg z=18.94cm tg=1.000 mode=1 conf=0.340 lost=0 L=5.359 R=5.424 expx=-16.62 bmask=7 red=0.00 blk=0.00 bp=0.00 sym=0.0 lock=0 cq=0.00
th=96 steer=3.38 ex=-3.669cm ang=40.80deg z=18.94cm tg=0.944 mode=0 conf=0.341 lost=0 L=5.207 R=5.331 expx=-18.38 bmask=7 red=0.00 blk=0.00 bp=0.00 sym=0.0 lock=0 cq=0.00
th=97 steer=4.62 ex=-3.913cm ang=41.91deg z=18.94cm tg=0.706 mode=0 conf=0.285 lost=0 L=5.089 R=5.259 expx=-20.12 bmask=7 red=0.00 blk=0.00 bp=0.00 sym=0.0 lock=0 cq=0.00
th=98 steer=5.78 ex=-4.185cm ang=41.98deg z=18.94cm tg=0.412 mode=0 conf=0.246 lost=0 L=4.980 R=5.193 expx=-21.00 bmask=7 red=0.00 blk=0.00 bp=0.00 sym=0.0 lock=0 cq=0.00
th=98 steer=6.34 ex=-4.365cm ang=42.72deg z=19.09cm tg=0.325 mode=0 conf=0.228 lost=0 L=4.927 R=5.160 expx=-22.00 bmask=7 red=0.00 blk=0.00 bp=0.00 sym=0.0 lock=0 cq=0.00
th=94 steer=6.20 ex=-4.494cm ang=42.71deg z=19.24cm tg=0.594 mode=0 conf=0.200 lost=0 L=4.940 R=5.168 expx=-23.50 bmask=7 red=0.00 blk=0.00 bp=0.00 sym=0.0 lock=0 cq=0.00
th=97 steer=6.71 ex=-4.716cm ang=43.03deg z=19.40cm tg=0.662 mode=0 conf=0.175 lost=0 L=4.892 R=5.139 expx=-24.75 bmask=7 red=0.00 blk=0.00 bp=0.00 sym=0.0 lock=0 cq=0.00
th=98 steer=7.32 ex=-4.948cm ang=43.07deg z=19.40cm tg=0.588 mode=0 conf=0.152 lost=0 L=4.835 R=5.104 expx=-25.75 bmask=7 red=0.00 blk=0.00 bp=0.00 sym=0.0 lock=0 cq=0.00
th=96 steer=8.12 ex=-5.072cm ang=43.30deg z=19.40cm tg=0.438 mode=0 conf=0.129 lost=0 L=4.759 R=5.057 expx=-26.75 bmask=7 red=0.00 blk=0.00 bp=0.00 sym=0.0 lock=0 cq=0.00
th=99 steer=8.14 ex=-5.157cm ang=43.85deg z=19.56cm tg=0.425 mode=0 conf=0.121 lost=0 L=4.756 R=5.056 expx=-27.00 bmask=7 red=0.00 blk=0.00 bp=0.00 sym=0.0 lock=0 cq=0.00
th=98 steer=8.68 ex=-5.248cm ang=43.98deg z=19.56cm tg=0.325 mode=0 conf=0.114 lost=0 L=4.706 R=5.025 expx=-27.50 bmask=7 red=0.00 blk=0.00 bp=0.00 sym=0.0 lock=0 cq=0.00
th=96 steer=8.53 ex=-5.300cm ang=44.13deg z=19.71cm tg=0.350 mode=0 conf=0.110 lost=0 L=4.720 R=5.034 expx=-27.50 bmask=7 red=0.00 blk=0.00 bp=0.00 sym=0.0 lock=0 cq=0.00
th=95 steer=9.09 ex=-5.334cm ang=44.38deg z=19.71cm tg=0.287 mode=0 conf=0.110 lost=0 L=4.667 R=5.002 expx=-28.25 bmask=7 red=0.00 blk=0.00 bp=0.00 sym=0.0 lock=0 cq=0.00
th=98 steer=6.02 ex=-4.079cm ang=53.93deg z=19.87cm tg=0.175 mode=0 conf=0.106 lost=0 L=4.957 R=5.179 expx=-21.50 bmask=7 red=0.00 blk=0.00 bp=0.00 sym=0.0 lock=0 cq=0.00
