{
  "meta": {
    "trials": 3,
    "frames_per_run": 160,
    "seed": 20260331,
    "target": "main1test.py"
  },
  "best_metrics": {
    "score": 23.9084,
    "mae_ex": 10.253633333333333,
    "mae_ang": 20.40543333333333,
    "mean_speed": 0.3686333333333333,
    "mean_conf": 0.5158999999999999,
    "lost_ratio": 0.0,
    "sat_ratio": 0.8302
  },
  "best_params": {
    "TUNE_KP_STRAIGHT": 0.8313171737146465,
    "TUNE_KD_STRAIGHT": 0.16121213581531615,
    "TUNE_KP_CURVE": 1.0911567859484768,
    "TUNE_KD_CURVE": 0.24670654573580708,
    "TUNE_LOOKAHEAD_GAIN": 0.627773480651635,
    "TUNE_STEER_SCALE": 27.246013020548244,
    "TUNE_DEADBAND": 3.813788207398625,
    "TUNE_SPEED_BASE": 1.5183986855045069,
    "TUNE_SPEED_ERR_GAIN": 0.06910023757531802,
    "TUNE_SPEED_ANG_GAIN": 0.024041795628840935,
    "TUNE_SPEED_TURN_GAIN": 0.5046433456443072,
    "TUNE_SPEED_LOST_PENALTY": 0.21395558475220514,
    "TUNE_CONF_MIN": 0.203209693154975,
    "TUNE_TH_OFFSET": 13,
    "TUNE_TURN_ERR_CM": 2.6720619457376924
  }
}